left	right	dominant_ratio	score	margin	relation_gap
2975	8269	2	36.6196289	29.6109085	17.0934391
6567	8643	1	34.6743698	25.0243797	17.4159508
738	7534	2	33.3469315	26.0844936	17.0934372
1023	7042	1	32.4288979	23.0665245	23.543787
736	1510	2	31.9123173	26.9008369	19.0285416
4787	4857	2	31.8536644	25.5001163	22.2537193
5170	7082	1	31.4365807	22.109108	17.4159546
2011	6595	2	31.1252098	23.8065853	19.9960976
6693	7256	1	30.5660629	24.0330734	17.4159546
1743	6704	2	30.4826469	24.5461788	16.4484024
3413	5415	1	30.0519524	24.1528549	10.6430817
4430	7890	2	29.9447861	21.9412823	12.9007072
2943	3671	1	29.7653408	22.3234615	17.4159546
4843	9622	1	29.7279663	20.8200455	19.6735783
1353	5045	2	29.6480293	21.7638378	23.8663063
9363	9607	2	29.6334076	19.1467876	15.4808493
4476	7745	2	29.5747547	23.0306263	18.7060261
1345	3563	1	29.4913368	22.2784138	17.738472
2328	5689	1	29.3604107	20.0678368	23.2212696
1696	8358	2	29.1552048	22.5398045	16.125885
5679	8288	1	29.1304455	21.4640732	11.9331532
5588	6462	2	29.09655	17.7121811	19.3510609
5167	8016	1	28.8089333	20.163866	18.706028
3432	4287	2	28.8089314	21.7269402	18.7060261
1488	7790	1	28.7638874	20.6284485	22.8987541
3958	7868	2	28.7017593	20.9170761	20.9636497
2524	2842	2	28.7017555	22.2071438	20.9636459
6939	7252	2	28.5586853	20.7841454	15.8033667
1165	2026	1	28.5000305	21.2012215	19.0285416
5128	8527	2	28.4839363	19.78022	20.3186131
849	9135	2	28.4829311	20.353447	12.9007053
191	7448	2	28.4131393	20.3645935	12.9007082
7867	7910	1	28.3195839	20.0940704	16.125885
1835	2085	1	28.2948208	21.8850937	11.9331551
798	2832	1	28.2609253	19.9359055	19.3510609
2688	6766	1	28.1052361	21.6682816	20.6411285
6337	8493	2	28.0193501	20.3641281	21.9312019
1300	4442	2	28.0106792	19.8064461	16.4484024
59	5171	2	28.0106792	17.5013123	16.4483986
3627	9258	1	27.9010353	19.1802235	20.9636459
978	3922	1	27.8651333	21.2012177	13.5457439
1458	4134	2	27.8423786	20.1861515	24.1888237
2292	3494	1	27.7691021	22.5635586	19.0285416
2686	9082	2	27.7468224	19.3858986	12.5781898
4188	7354	1	27.7332039	19.9586582	11.6106377
5042	5595	2	27.711916	20.4267216	12.5781889
1613	9053	1	27.5998039	19.5512581	19.3510609
1452	7321	1	27.4339733	21.071291	24.8338623
3011	3878	2	27.2211037	18.6705971	19.6735783
626	8809	2	27.1725845	19.7928352	18.7060204
5909	7334	1	27.1376839	18.6458359	18.7060242
5207	6758	2	27.1240673	19.8039761	17.738472
490	7796	1	27.1104546	22.1192551	16.7709217
115	8759	1	27.0542698	18.6695938	17.7384739
7005	7650	2	27.0416584	19.4935989	24.1888275
3337	6104	1	27.0305176	18.3334579	20.9636459
1218	9348	1	27.0168953	17.3780479	19.9960938
1238	5426	2	27.0057545	21.2036896	16.7709198
241	3223	1	26.9708557	18.8601799	16.7709198
1676	7994	2	26.9436226	20.517807	14.8358116
6909	7955	1	26.8951092	18.1069698	13.8682613
2979	6830	2	26.8161659	19.0653858	25.4788914
2557	5569	1	26.6594791	20.9645863	19.3510628
3955	7909	2	26.6458588	15.0370083	18.383503
8934	8955	2	26.5310211	19.0643768	22.5762348
4672	7561	2	26.492651	18.1676331	17.4159546
4009	6013	2	26.4901791	19.6755199	19.6735764
1255	9096	2	26.4825077	16.7117271	21.6086807
4842	5806	1	26.4587517	18.3941193	24.8338566
6984	8058	2	26.3931484	17.3906651	17.7384739
4738	7626	2	26.3505764	18.0696011	19.6735783
943	5896	2	26.3369637	18.3121758	18.7060242
2372	6558	2	26.3132038	18.2535172	21.9312
1211	4966	1	26.2884445	20.746767	17.7384701
494	2228	1	26.1802711	17.4619331	12.5781889
4047	5407	1	26.1666603	20.3635941	11.6106377
6624	8292	1	26.1428986	16.9362125	14.8358135
6009	9116	1	26.1317558	20.6744957	11.6106396
2425	5613	1	26.0867138	18.0842113	15.8033638
7946	8395	2	26.0594845	20.2710342	13.8682594
2359	3740	2	26.0518169	18.9809666	15.8033667
981	8112	1	26.0392017	18.59832	22.2537174
1459	3743	1	26.0033035	18.3970566	14.8358145
4049	5117	2	25.9896851	15.4318037	13.8682613
4675	9144	2	25.9694042	18.1215897	22.2537155
1744	7232	2	25.9421711	17.6070118	20.3186131
1957	7593	2	25.8961296	17.7515564	17.0934372
6204	8169	1	25.8835163	14.274663	23.543787
6023	7274	2	25.8349991	18.7889042	22.5762329
7550	8876	1	25.8127174	17.4876957	16.125885
3887	5586	1	25.8102436	20.7017326	18.3835106
6320	9660	2	25.8077698	14.9085569	20.6411285
449	7653	1	25.7166862	19.2433586	21.6086845
1678	7370	2	25.6807823	18.8500385	14.1907749
3601	4594	2	25.6646957	19.4804497	15.4808531
4741	5064	2	25.6570282	17.810215	17.4159546
487	8160	2	25.6332664	18.7540035	20.6411266
1126	5412	2	25.632267	17.1753159	13.2232256
3593	8566	2	25.6186543	16.1379642	12.2556705
2839	6351	2	25.5488529	18.8252754	12.2556705
5512	6997	2	25.5362396	11.885108	18.7060242
8435	8841	1	25.5260963	18.5260468	22.8987503
2375	5451	2	25.5023403	15.0753813	26.1239262
1405	6827	1	25.5013428	18.5624199	18.7060242
2597	9271	2	25.4877281	16.7592449	17.7384758
1179	7945	1	25.4775848	16.3518448	21.9312019
4096	8180	1	25.4426842	17.0231056	21.9312
707	5210	2	25.4053097	14.8241377	24.1888218
550	8539	2	25.3567944	18.2282944	23.2212696
6154	7164	2	25.3355103	17.7030411	24.1888218
1335	6384	2	25.3320427	17.9532948	19.0285454
8908	9152	1	25.3107548	14.5273781	19.9960976
1818	2622	1	25.2622395	17.4042778	19.0285454
2810	6397	1	25.2248611	19.8671036	21.2861633
4381	6285	2	25.2151928	15.613719	8.3854599
5988	6477	1	25.213726	17.2936344	18.0609894
5665	9541	1	25.1899643	13.7231836	21.2861633
5839	9477	1	25.1899624	17.8824806	21.2861652
3335	9494	1	25.1686821	18.3267937	22.2537193
3442	4146	1	25.1515903	13.4830742	16.125885
226	3064	2	25.1337814	16.1748695	22.2537193
8147	8933	1	25.0944061	18.6074581	9.67552948
5628	7055	2	25.0852642	17.5711098	21.2861671
470	4148	2	25.0807877	16.4570045	8.70797539
2392	8471	1	25.0468941	18.3131714	16.1258831
6294	9301	2	25.0231361	17.1278057	19.351059
4519	6838	1	24.9857655	17.8213596	21.6086845
2483	3542	2	24.9857635	18.024559	21.6086845
512	4408	2	24.9847603	16.1005936	14.1907749
1244	6391	1	24.9644794	18.6928787	22.5762348
2107	2922	1	24.9149628	15.2872591	14.1907787
5213	8370	1	24.8800602	17.5114555	14.1907778
5001	8354	1	24.8563042	18.1215858	17.4159546
5255	5297	1	24.8451633	17.2040234	14.1907759
426	5766	2	24.8426857	15.8862476	16.4484024
5677	7108	2	24.8350182	17.9896584	18.3835068
4577	8259	1	24.8325443	17.7480774	20.6411285
6510	8216	2	24.7592754	11.9437656	15.4808502
522	6369	2	24.736515	16.8300438	26.1239243
5267	8553	2	24.7253761	16.8659477	22.8987522
4801	8582	1	24.7253723	16.5671864	22.8987522
5409	8548	2	24.7243805	14.2150126	15.4808502
1066	7215	1	24.7132282	14.3808327	12.2556696
4488	7230	1	24.7006187	15.9221525	18.7060242
6029	6987	1	24.7006168	16.8664131	18.7060242
2731	9476	2	24.689476	15.7082806	15.4808502
74	3918	2	24.6657219	16.1253586	18.7060242
1767	1901	2	24.6657181	17.1414185	18.7060242
1735	7269	2	24.6632423	16.6743565	20.9636459
6844	9538	2	24.6521034	17.1889362	17.7384739
4999	9674	2	24.6308174	16.4827671	18.7060242
2020	7565	1	24.6172028	17.3941422	17.738472
4298	6593	1	24.5924454	17.2834892	13.545743
3849	4023	2	24.582304	17.092907	17.738472
1259	1688	2	24.5439262	16.2077599	12.5781898
3046	3230	1	24.5337887	17.0904312	16.7709198
4504	6432	2	24.5211773	17.5923996	23.2212734
2362	8756	1	24.5090294	15.6374722	12.5781898
2886	4539	2	24.5065536	15.6572847	14.8358107
2209	9617	2	24.4954128	14.9565315	11.6106386
7671	8577	2	24.4877453	14.467721	13.5457411
6208	6513	2	24.402853	15.4666996	22.2537174
4274	5941	2	24.3892422	17.8314953	21.2861671
2660	7865	2	24.3770943	15.5501175	10.6430826
1160	9194	1	24.3679562	14.6805964	22.2537174
693	896	2	24.3543434	18.0614586	21.2861633
3914	4496	2	24.3543396	13.9657574	21.2861633
1248	7750	2	24.3432007	14.8498993	18.0609894
1753	2827	2	24.3082981	16.7854767	18.0609875
3358	6697	2	24.3072987	17.643383	10.6430836
1587	6219	1	24.2835426	17.1777916	13.8682613
963	6890	2	24.2733994	17.5711098	18.0609894
7656	8146	1	24.2709293	17.5585003	20.3186131
714	4218	1	24.2573185	17.0802994	19.3510609
1979	8970	1	24.2437	15.241209	18.383503
4813	6467	1	24.2360268	17.7490788	20.3186073
434	8468	2	24.2258835	16.9755898	24.5113392
2258	6487	1	24.2248859	15.7456455	17.0934353
2346	5641	1	24.1875153	14.6805983	19.351059
5747	7390	2	24.1875114	17.5599651	19.351059
3985	5133	1	24.1773701	13.7018995	23.5437889
1273	8719	1	24.1763687	16.0409393	16.125885
1019	6938	2	24.1627541	13.4729395	15.158329
6773	7433	2	24.1617508	17.6661339	7.7404213
2763	4254	2	24.1526127	16.4939137	19.3510628
7275	7959	1	24.1516113	15.863966	11.9331551
1999	5069	2	24.1177139	15.18256	19.3510628
6361	6393	2	24.1142406	15.9075308	14.1907806
822	8712	2	24.1040955	13.9162464	18.3835068
6700	9465	2	24.103096	14.3706913	10.9656
1033	7950	1	24.1016235	17.5327377	20.6411304
1397	8456	2	24.0803394	18.1438732	21.6086845
5833	8581	2	24.0565834	15.9944229	24.8338547
2595	6619	1	24.055584	14.822669	17.4159508
4799	5376	2	24.0555801	16.0070381	17.4159527
3521	6112	1	24.0419655	15.0617714	16.4483986
1545	2772	1	23.9969273	15.6122494	20.6411304
22	1001	1	23.9959221	17.1899357	13.2232227
3754	5262	2	23.9857826	14.2038622	17.4159527
5485	7050	1	23.974638	16.5079956	14.1907778
1051	7641	2	23.9484119	16.6632156	19.6735783
4649	7043	1	23.9347935	14.5350504	18.7060223
3619	9281	2	23.8988914	16.0297928	11.2881184
3526	6099	2	23.8887501	13.4132767	15.4808464
84	1749	2	23.876133	11.2274551	21.9311981
341	9161	1	23.8751392	16.388216	14.513298
1315	9347	2	23.8659954	14.9070797	26.1239281
5204	5921	1	23.8548508	16.3058014	22.8987522
4754	7063	1	23.8538532	11.2774448	15.4808502
6072	8416	1	23.8513794	14.272192	17.738472
3420	4110	1	23.8412399	16.1738682	21.9312038
611	2798	1	23.8028641	15.1927004	16.7709179
7533	8783	2	23.8028641	13.9895163	16.7709179
497	6601	1	23.7917213	14.2711878	13.5457411
6667	9676	1	23.7466793	15.3630028	17.738472
2973	7175	2	23.7330666	16.8189087	16.7709198
3489	5309	1	23.7229252	16.0530815	20.9636497
3025	5963	1	23.7107754	10.8715115	10.3205643
2854	6495	1	23.6991615	14.5385237	24.1888237
185	6322	2	23.6835461	12.3759222	8.38545895
1865	6983	1	23.6820774	14.5239048	18.0609856
228	4421	1	23.6734047	16.8552761	12.5781879
110	6719	1	23.6622658	16.7592468	9.35301113
1512	1969	2	23.6486473	16.2461395	8.3854599
1041	1499	1	23.6137486	15.4444141	8.38546181
6735	7077	1	23.5662327	16.1005898	14.8358097
2563	2917	2	23.5652313	14.643693	7.41790771
883	928	1	23.5526161	15.9337587	13.8682613
2549	3481	1	23.5323372	15.8751068	22.2537174
390	1210	1	23.5075798	14.6694546	18.0609875
1971	5144	1	23.505106	17.4537983	20.3186131
3773	5552	1	23.5041046	17.0094929	12.9007072
2866	7523	1	23.4949627	14.2135353	24.5113392
1686	7260	2	23.4939632	12.8865595	17.0934372
6860	6986	1	23.4939613	15.2300701	17.0934353
1159	8389	2	23.466732	16.4590187	15.1583328
1822	2681	2	23.4600639	15.075386	24.5113449
1571	9606	2	23.4590645	15.5874882	17.0934372
171	7313	2	23.4590626	15.6350021	17.0934372
7298	8272	2	23.4343033	13.3323431	12.9007092
4463	5782	2	23.4130173	15.7916918	13.8682613
4756	6897	2	23.4115486	16.1389675	23.5437889
6709	9332	2	23.397934	13.1660404	22.5762367
2234	3804	2	23.3857899	15.804306	11.9331551
2498	9539	1	23.3645058	13.4157543	12.9007072
706	7632	1	23.3630314	13.5598249	22.5762329
3889	8743	2	23.3528862	14.381835	26.7689629
3376	5016	2	23.3407478	15.7815533	16.1258831
5026	8095	1	23.3382778	14.3221817	18.3835087
6021	6274	2	23.2437153	14.5026226	14.1907768
1113	1836	1	23.2301044	13.2813482	13.2232246
3283	4039	2	23.2301006	14.2352839	13.2232237
5723	8864	2	23.2224331	16.4129715	15.158329
2700	3159	2	23.2199593	16.8436584	17.4159508
3033	9501	1	23.2199593	16.4008293	17.4159546
5282	7823	2	23.2189579	17.1171303	9.99804878
4064	9372	2	23.2063484	15.6835213	16.4484043
5011	8185	2	23.2063446	16.0642223	16.4484024
7508	8397	1	23.1952019	15.8053074	13.2232256
811	7099	2	23.1941948	13.2939568	5.80531693
1048	8351	1	23.1850567	15.9124756	17.4159546
4761	8962	2	23.1724434	12.8299055	23.8663025
740	6120	1	23.1714478	14.4167385	16.4484024
9171	9282	2	23.160305	15.3857613	13.2232237
4493	5772	2	23.1603012	15.5414419	13.2232246
92	5671	2	23.147686	14.3323174	19.6735764
7605	9527	1	23.1340714	13.7221832	18.7060242
1550	1949	2	23.1127853	17.1030426	19.6735783
7047	9120	2	23.1127853	15.4793167	19.6735783
3845	4173	1	23.1117878	15.3134899	12.2556725
142	6085	2	23.1117859	13.319725	12.2556686
5631	6325	1	23.1093102	14.2251434	14.5132961
7871	9597	2	23.0865612	16.6132278	25.1563797
2527	3288	1	23.0667458	12.771719	16.4484024
1863	8705	2	23.0652714	16.0419312	26.12393
2852	9182	1	23.0642719	14.3318462	18.7060261
3292	9295	1	23.0531292	15.8649673	15.4808493
6189	9090	2	23.0521297	13.3288651	8.06294346
1432	7520	2	23.0506535	16.5065231	17.738472
2814	9203	2	23.0496559	14.8939323	10.3205643
4350	4884	2	23.0395164	14.7033529	14.5132961
2901	6445	2	23.0395145	16.5686588	14.5132961
4812	6894	2	23.0182304	15.9948902	15.4808464
3482	3659	2	23.0046139	15.1466599	14.5132952
3492	5994	1	22.9944725	14.1699638	18.7060242
8878	9045	1	22.9808559	17.2248344	17.738472
1058	6241	1	22.9672394	12.2323837	16.7709179
1832	4953	1	22.9348145	14.7441978	14.5132952
3538	8427	1	22.9110546	15.2189255	17.7384682
5528	7382	2	22.9085846	17.0681438	19.9960957
47	9088	2	22.9075813	15.8392029	12.5781898
1466	7925	2	22.8872986	15.5662022	20.9636459
1473	7122	1	22.8726864	14.5840349	12.5781879
983	6470	2	22.8489265	17.1065216	15.8033638
135	7944	2	22.8150234	9.16389275	23.2212696
650	7332	1	22.7756519	15.4454145	10.6430836
9498	9554	1	22.7741833	13.5427351	20.3186111
3005	4593	1	22.7630386	14.5961819	17.0934372
1708	5466	1	22.7407513	16.8067589	10.6430826
6233	9448	1	22.7179966	16.589941	21.2861633
4615	7229	1	22.7169991	15.9236202	13.8682604
2914	9177	2	22.7078552	15.3256311	25.4788971
5437	8802	1	22.7068558	14.2261496	18.0609894
5000	8093	1	22.6907673	14.5001488	19.3510609
863	8597	1	22.6820946	14.8478928	13.8682594
2354	2541	2	22.6806259	15.6956625	23.5437908
3042	4673	1	22.6719532	16.0768356	18.0609856
1600	2084	2	22.6719532	14.0719318	18.0609875
181	8960	1	22.6573372	15.7669373	9.67552948
5529	5817	1	22.6471996	16.5065289	13.8682632
847	6935	2	22.6471977	14.3595486	13.8682594
8722	8840	2	22.6345863	10.5475264	20.3186111
3646	4328	2	22.6345825	15.4332714	20.3186111
7013	7914	2	22.6345806	16.7364845	20.3186111
6395	7477	1	22.609827	14.200386	16.1258812
1422	2414	1	22.5972137	14.1417294	22.5762386
439	923	2	22.588541	14.2038631	17.0934372
4925	6989	1	22.5724487	15.741703	18.3835087
1310	4358	1	22.54669	14.8716516	6.77287006
8451	9473	2	22.5274086	11.8239813	22.5762386
6346	9694	1	22.5274086	15.8862448	22.5762348
3299	4604	2	22.5264091	15.7902222	15.1583319
3317	5003	1	22.5264072	14.6209412	15.1583309
3271	8067	1	22.523941	12.2289104	17.4159546
453	3930	2	22.4429951	16.3770676	14.1907768
3220	9511	1	22.4328537	14.0593214	18.3835068
3075	7916	2	22.3969498	15.4570236	10.965601
4429	9268	1	22.3954811	11.6707678	20.6411324
4304	8552	2	22.3878098	13.8677273	22.5762329
1644	7984	2	22.3843403	14.1912518	17.4159527
3437	9303	2	22.3630524	14.6471605	18.3835068
2101	2168	1	22.3348198	16.3159409	9.03049469
6962	8947	2	22.3333473	14.7630072	18.7060242
5983	7594	1	22.3256836	14.851367	20.6411324
5486	6018	1	22.314537	14.0370331	17.4159546
4808	8555	1	22.3130665	12.8749456	27.0914803
925	4917	1	22.3120632	14.9434528	19.6735764
1185	6568	1	22.3095913	15.4191904	21.9312019
2741	7139	2	22.2873058	16.973587	15.4808502
1511	8951	1	22.2736912	9.56635475	14.5132923
3205	4144	2	22.2625484	14.4045858	11.2881174
1146	1292	2	22.2261772	14.5239048	20.9636497
624	1410	1	22.225172	15.611248	13.545742
4969	5477	2	22.2150307	14.7033472	17.7384701
4119	6985	1	22.1937523	15.0157242	18.7060242
357	6976	2	22.192749	14.3347893	11.2881174
1523	6020	1	22.1902771	16.6273136	13.545742
3240	6931	1	22.1801376	15.9221573	17.7384758
1685	3332	1	22.1801338	13.5801096	17.738472
554	3707	1	22.1675224	14.5734224	24.1888218
222	9398	1	22.166523	12.4341164	16.7709198
1003	1766	2	22.1655159	14.4045897	9.35301399
1636	1661	2	22.1588497	12.6610718	18.7060242
4428	7301	2	22.1553745	15.1815548	13.545742
3135	4152	2	22.1340904	11.9113369	14.5132942
1201	3613	1	22.1316185	14.0830774	16.7709198
5488	5638	1	22.1316185	15.5313025	16.7709179
7648	7772	2	22.121479	11.9660492	20.9636478
1099	5818	2	22.1204777	14.4531078	13.545742
936	6312	2	22.1103382	9.91610527	17.738472
99	6932	1	22.1103344	13.152895	17.7384739
2755	3925	2	22.1068592	14.917696	12.5781879
530	1560	1	22.0957165	14.8691769	9.35301399
615	4983	2	22.0744362	14.7533388	10.3205681
2078	8023	1	22.0729599	9.98590755	19.9960957
5038	9313	2	22.0719624	16.3508377	12.5781879
3079	6086	2	22.0704899	14.3929749	22.2537155
1314	2570	2	22.0642891	13.2600613	14.5132933
4893	6665	2	22.0506783	14.5835667	13.545742
1668	3401	2	22.0482082	15.94491	15.8033667
1360	8976	1	22.0234413	15.8265896	11.6106339
450	2466	2	22.0133038	12.2662916	15.8033657
2836	6658	2	22.0031605	13.6907539	19.9960938
4788	6519	2	21.9920177	9.34333992	16.770916
5888	6790	1	21.9885464	14.8590374	11.6106386
6636	7096	2	21.9794064	11.6121054	23.2212715
7639	7707	2	21.9769363	14.1887779	25.4788933
3444	8066	2	21.9682598	12.1014509	19.9960918
328	7194	1	21.9435081	13.6038685	15.8033657
1844	3775	1	21.9435043	14.2387619	15.8033676
2139	6102	2	21.9308891	16.1501122	22.2537155
3269	9112	1	21.9177418	13.5330629	4.19272995
4243	5101	1	21.9172726	13.9521494	21.2861614
1681	8383	1	21.9162712	15.0981388	13.8682575
1453	6858	2	21.9061337	14.7528706	18.0609894
3434	4728	1	21.9061279	13.1863203	18.0609856
2062	8036	1	21.894989	12.5912733	14.8358135
3635	9325	2	21.8590889	14.3347893	7.41790676
2559	6829	1	21.8125744	13.3192539	21.2861691
919	5247	1	21.7892876	12.6746893	7.4179039
2669	3703	2	21.787817	15.1825581	17.0934391
4155	8264	1	21.7752037	13.5811148	23.543787
4747	7147	1	21.7393017	13.9036369	16.1258831
5745	9611	2	21.7256889	15.6572905	15.1583328
3780	7760	2	21.725687	14.4293518	15.1583319
4168	5268	1	21.7145443	14.6694584	11.9331551
521	6666	1	21.7120724	15.8963909	14.1907768
3511	3900	2	21.7019329	15.3721447	18.3835068
476	8871	2	21.7009277	13.9399986	10.965601
3959	5032	1	21.6917839	13.3157806	22.5762367
5775	9260	1	21.6883106	14.4642487	17.4159546
3447	8374	2	21.6806431	12.7828608	19.3510571
6310	8732	2	21.6796436	15.4216623	11.9331551
292	7434	1	21.6670322	13.6160164	18.3835087
1953	2954	1	21.6670284	13.7615585	18.3835049
2977	6178	1	21.6645565	15.4090481	20.6411304
6694	7197	1	21.6583576	11.8754368	12.9007072
5160	8246	2	21.6524105	12.3385544	9.99804592
417	9360	2	21.6345959	13.4729385	16.1258812
4548	6543	1	21.6321297	14.2499037	18.3835068
6834	8318	1	21.5836163	13.415287	17.4159546
8621	9555	1	21.571003	12.0989866	23.8663063
491	3757	1	21.5588608	12.316267	13.2232246
5257	7663	2	21.5588531	8.64731598	13.2232218
6474	8779	2	21.5462437	14.7766256	19.6735783
884	4366	2	21.5249596	11.1465187	20.6411324
3869	5858	2	21.5128117	14.1320553	9.99804878
3	3996	1	21.5113411	12.7803879	19.6735744
1348	6002	2	21.5103416	12.2788973	12.2556734
8464	9693	2	21.5068665	15.4409399	7.09538841
4265	8691	2	21.4890614	12.0771732	13.2232246
7869	8474	1	21.4764404	11.3234863	19.6735764
6026	8321	1	21.4642982	14.3934441	9.03049278
261	8528	1	21.4541588	12.424448	13.2232265
3188	8795	1	21.4516869	13.8100758	15.4808493
3630	6552	1	21.4405365	15.063242	12.2556715
5332	8423	2	21.4390659	14.8736496	21.9311981
3809	7568	1	21.4380722	11.6460142	14.5132961
4610	8854	2	21.4380703	14.2736645	14.5132961
4862	7163	1	21.4380665	12.8526611	14.5132952
3296	7937	1	21.4041672	12.0291796	21.9311981
1594	6463	2	21.4031715	14.4541092	14.513298
3012	9104	2	21.4006977	13.7231865	16.7709217
3634	9543	2	21.3996925	14.8080463	9.35301018
747	3884	2	21.3930283	12.2076283	18.7060242
3059	5169	1	21.392025	15.1714144	11.2881184
520	7166	2	21.392025	13.3895245	11.2881184
4209	9656	2	21.3828869	13.4865532	22.8987541
372	6292	2	21.3818855	10.9039383	15.4808483
881	8313	2	21.3784103	16.0758343	10.3205681
2850	4959	2	21.3672676	13.8454466	7.09538937
128	1175	2	21.3556557	14.8837938	20.9636459
346	8983	2	21.3445129	12.4229736	17.738472
1456	5362	1	21.3343697	11.92101	21.9312
552	1861	2	21.3308983	14.4890099	16.7709236
1161	3984	1	21.3308983	13.1392756	16.770916
2539	9627	2	21.3207531	14.4890032	20.9636478
1357	5354	2	21.3172817	11.739563	15.8033648
3312	4731	1	21.3096104	11.7192822	17.7384701
571	9063	1	21.3061371	9.84182453	12.5781879
4417	5453	2	21.2984715	11.5499773	14.513298
4890	8877	1	21.2960014	11.0034466	16.7709198
1586	2265	1	21.2611008	10.5702791	16.7709217
3360	7308	1	21.2499561	14.2761326	13.5457439
3953	4520	2	21.2474823	12.7444887	15.8033676
3083	3183	1	21.2262001	13.1165285	16.7709198
5368	7153	2	21.2261982	14.3818331	16.7709198
218	1980	1	21.2150536	13.5961981	13.545742
7713	8137	1	21.2125797	15.611249	15.8033628
4471	6028	2	21.2024403	14.0229464	19.9960938
460	2274	2	21.1999683	14.4303513	22.2537231
4240	9409	1	21.198967	13.5912523	14.8358116
5464	8752	2	21.1902962	13.8055992	9.35301399
2508	7268	1	21.1878223	12.2551374	11.6106358
3272	7489	2	21.1776867	10.4145956	15.8033667
2812	7762	2	21.1776791	11.1814184	15.8033676
5429	8927	1	21.1762104	15.242218	25.4788952
8306	8627	2	21.175209	15.1441841	18.0609894
2808	9218	2	21.163065	12.9825897	7.41790676
3729	7243	2	21.1291676	13.5801125	14.8358135
1932	7224	1	21.1291676	12.8279037	14.8358116
1440	5906	1	21.1256924	14.7271061	9.67553139
2097	2644	2	21.1190281	12.124218	19.0285435
155	2754	2	21.1190262	10.5611448	19.0285454
5987	7973	1	21.1165543	7.44166565	21.2861671
351	9221	2	21.106411	13.3430119	25.4788933
2148	8294	2	21.1054096	10.8341379	18.0609875
6699	9319	2	21.1044102	14.9313097	10.6430836
208	8355	2	21.0907898	13.0907602	9.67553234
2114	4099	1	21.0831261	11.9699955	11.6106386
1802	4477	2	21.0816555	14.0568476	21.2861671
3182	8231	2	21.0715122	14.0603151	25.4788933
2535	6110	1	21.0695114	13.9162426	10.6430836
10	787	1	21.0695095	13.0558634	10.6430836
4623	7454	2	21.0568943	13.7716999	17.0934372
2247	7818	1	21.0558929	12.0397892	9.67553043
89	5847	2	21.0467529	13.604867	21.2861671
3344	5998	1	21.0457573	13.7494125	13.8682613
5234	7693	1	21.0356083	13.5573521	18.0609894
1494	4565	2	21.022995	10.5824223	24.5113411
5359	5848	1	21.0219955	13.3895235	17.0934372
1098	5066	1	21.0219917	13.643239	17.0934353
3618	5948	1	21.0108528	13.8924847	13.8682594
4098	9646	2	21.0108509	13.0083513	13.8682585
7623	8649	2	21.0098515	13.3536224	6.45035362
5608	9504	1	20.9982376	11.9932823	20.318615
4633	7227	1	20.9860954	13.1281357	9.67553139
3945	7312	2	20.9759541	13.5093088	13.8682632
209	6062	2	20.9759502	10.0784578	13.8682604
1474	9329	2	20.9623394	11.8254519	12.9007082
6448	6733	2	20.9623375	13.6533871	12.9007082
7279	8412	2	20.9613342	11.5989609	5.48279953
5221	8018	1	20.9521942	10.2027225	17.0934372
5197	8110	1	20.9385815	14.7543373	16.125885
2344	7061	2	20.9385815	10.9786873	16.1258869
1154	4584	1	20.9385796	14.071928	16.1258831
1590	6817	1	20.9385796	11.6809092	16.1258831
1344	8465	2	20.9274387	13.0083466	12.9007072
5151	6885	2	20.9274368	13.655859	12.9007101
5566	5863	2	20.9249592	13.5927191	15.1583281
3149	4279	1	20.9148216	11.6111059	19.351059
854	1837	1	20.9148197	13.4516516	19.351059
4466	8738	2	20.9026794	13.4531269	8.7079792
2951	4339	2	20.9012108	12.9249334	18.3835106
1976	4057	1	20.8910637	14.0219421	22.5762367
5575	7513	2	20.8875942	12.0034237	17.4159508
5355	9157	1	20.8875923	13.3521547	17.4159546
5911	9324	2	20.8799248	13.1291389	19.3510628
8957	9391	1	20.8799229	13.4405136	19.351059
3992	6493	2	20.8576374	12.2100992	12.9007063
1763	4911	2	20.856163	12.9845953	22.5762367
1301	6134	2	20.8551636	13.2125473	15.1583309
749	6591	1	20.8450241	12.2799015	19.3510628
3608	7652	2	20.8425465	13.8439674	21.6086845
4744	5826	1	20.8415546	13.3333445	14.1907787
4639	7244	1	20.8415508	11.3022079	14.1907787
1436	1444	2	20.8324089	10.5126286	25.8014164
5425	6946	1	20.8314075	10.475256	18.3835068
598	2950	2	20.8314056	13.3556252	18.3835068
1450	9038	1	20.8304062	15.3595266	10.965601
8107	9289	1	20.8304062	12.7221966	10.9655981
254	954	2	20.8279324	13.6872797	13.2232227
4678	5459	1	20.8279305	14.4293461	13.2232265
1296	5272	1	20.8202667	12.9835958	15.1583309
5467	6342	2	20.817791	12.6585999	17.4159527
176	2748	1	20.8091221	10.6299381	11.9331541
3241	4342	2	20.796505	13.4739399	18.3835068
1454	4456	1	20.7707462	11.838069	6.77287197
2662	9330	2	20.7616062	10.968544	18.3835049
3238	5700	2	20.7606087	12.4593439	10.9656
2151	4835	2	20.7479935	12.3395557	17.4159527
1354	4850	1	20.7343769	15.7194176	16.4483986
1520	2387	1	20.7232342	12.5291405	13.2232246
5399	6230	1	20.7217636	12.3992176	22.8987541
1989	7322	1	20.7120914	14.4293499	9.99804783
6670	8442	1	20.6893387	12.3182716	20.6411324
4980	7325	2	20.6893311	12.3880692	20.6411304
1035	2448	2	20.6858635	13.760561	15.4808493
7484	9297	2	20.6757202	11.7304258	19.6735802
3321	4634	1	20.6732464	10.1764889	21.9312019
5992	9592	2	20.6670494	12.726675	14.1907768
6574	7553	1	20.6655807	12.015564	23.8663063
7186	9018	2	20.6655769	12.4836311	23.8663044
472	3546	1	20.6645813	12.9249287	16.4484005
1981	3854	1	20.6645756	8.92379093	16.4484024
3844	8928	1	20.6499596	12.5776577	8.0629406
3362	6158	1	20.6408157	14.6568375	19.6735744
1156	4439	1	20.6296806	11.0408173	16.4484024
6041	8505	1	20.627203	11.4554167	18.7060223
1641	4324	2	20.6262054	12.8506613	11.2881212
5260	6231	1	20.6160583	12.3496952	15.4808464
463	996	2	20.6059189	14.358078	19.6735783
913	6679	1	20.6024456	11.7905502	14.5132933
4107	6846	2	20.6024456	13.8090706	14.5132952
2287	3796	1	20.5913029	11.2774448	11.2881203
4618	5653	2	20.5898304	12.7308712	20.9636459
3510	4758	2	20.5574036	11.1116152	18.7060223
5333	6232	2	20.5462608	11.1081438	15.4808483
3329	7703	2	20.5437927	12.1601191	17.7384701
508	9507	2	20.541317	15.0122528	19.9960976
553	5342	1	20.5403137	13.2823477	12.578187
1720	9630	2	20.5301743	13.1514225	16.7709198
1298	4440	1	20.520031	14.0952196	20.9636497
4767	8113	1	20.4987488	9.74780083	21.9312
1323	6338	1	20.4977474	10.9524584	14.5132942
1267	6662	1	20.4977455	13.7620258	14.5132961
1987	4603	2	20.4952736	12.8638058	16.770916
2064	5230	1	20.4841347	13.4516582	13.5457449
1336	3728	2	20.4841347	13.4491844	13.545742
56	516	2	20.4841309	13.5350714	13.545742
957	2715	2	20.4719849	12.5281391	2.90265846
1361	5363	1	20.4715195	10.999506	19.9960957
1123	3950	2	20.4628468	13.5598297	14.5132961
3036	3926	2	20.460371	11.7395658	16.7709198
2578	7348	1	20.4593716	11.7769356	9.35301304
18	6289	1	20.4492302	12.5301437	13.545743
2565	4172	2	20.4467621	14.0719318	15.8033676
4707	6820	2	20.4356155	11.3234873	12.5781879
3396	6714	1	20.4331455	14.724638	14.8358154
1180	2820	1	20.4128609	12.8759499	23.2212696
301	7363	2	20.4118576	14.1902466	15.8033657
3085	5086	2	20.4118576	10.5747566	15.8033686
2931	4337	2	20.4083862	13.3162479	10.6430836
2864	5335	1	20.4041901	10.5004797	17.738472
3029	7755	1	20.4041862	12.0407906	17.7384701
5675	7367	1	20.4007187	12.0544138	12.5781918
5271	5768	2	20.391571	10.2507639	24.1888218
3712	6195	2	20.3905735	12.0296535	16.7709179
3820	6408	2	20.3769569	14.1427288	15.8033638
2489	8635	2	20.3769569	13.0781479	15.8033648
3275	3803	1	20.3643417	13.1751785	22.2537174
524	9005	2	20.3546715	12.483098	9.35301208
90	504	1	20.3542023	13.6878147	26.4464436
4190	7604	1	20.3532009	12.8279037	19.0285397
794	8931	1	20.3522015	11.468029	11.6106358
1845	4684	1	20.3420544	13.8192129	15.8033609
3024	8967	1	20.3410568	13.7494164	8.3854599
4952	5596	2	20.3284473	13.7231874	14.8358116
384	8834	1	20.3274403	14.0471706	7.41790676
995	7140	1	20.3173008	12.8890333	11.6106367
6149	6713	2	20.30616	11.2415476	8.3854599
3555	6141	2	20.2960167	11.3957596	12.5781908
2363	4891	2	20.2935467	10.4777298	14.8358135
6135	9346	1	20.2935429	12.6247005	14.8358135
2545	3991	2	20.2910748	13.424427	17.0934372
3187	6010	2	20.2834015	11.2299328	19.0285416
6691	9545	1	20.2799301	14.6897364	13.8682594
2276	8362	1	20.2722607	12.5689869	15.8033657
7860	9560	2	20.2687836	14.7382469	10.6430845
2157	3987	1	20.2687836	11.9224815	10.6430817
8096	8697	1	20.2485008	13.629631	19.0285435
5788	8870	2	20.2475014	13.3546238	11.6106377
3778	5753	1	20.2450275	12.5053854	13.8682613
1299	7727	2	20.2202682	11.6576128	9.67552948
6832	8308	1	20.2111263	11.608633	21.2861652
6806	9187	2	20.2101288	11.1591311	13.8682566
1846	5746	1	20.2101288	10.4069252	13.8682613
5578	9196	1	20.1975117	13.810071	20.3186111
5986	7045	2	20.1965141	12.6251717	12.9007034
412	5350	1	20.1965103	12.5189991	12.9007053
506	7733	1	20.1839008	11.0955315	19.3510609
5836	6286	1	20.1752281	13.3410053	13.8682585
8139	9111	1	20.1626167	12.6732168	20.318615
1860	3998	2	20.1514683	12.075695	17.0934372
3439	4531	1	20.1514683	12.7217321	17.0934353
6401	7665	1	20.1514664	13.4855461	17.0934334
2432	9463	2	20.1504707	9.66239166	9.67553043
194	1411	2	20.1378555	13.2959747	16.125885
7300	9390	1	20.1267147	12.3274059	12.9007053
2521	2846	2	20.1242409	10.6910658	15.1583309
8001	9366	2	20.1141014	13.0680094	19.3510609
6865	7398	2	20.1140976	11.2274609	19.3510571
3191	3784	1	20.1054306	11.730895	13.8682623
3418	8124	1	20.1029568	11.8962498	16.125885
1891	4151	2	20.0893402	12.4568653	15.1583271
6422	9165	1	20.079195	11.3371	19.3510551
6299	8394	1	20.0781975	11.7172766	11.9331522
300	6687	2	20.0767269	11.6121092	21.6086826
2562	8751	2	20.0655861	13.3779116	18.3835087
6839	8550	1	20.0645828	10.8937969	10.9656
906	8188	2	20.0569153	12.5291395	12.9007072
55	6390	1	20.0408268	12.0034256	14.1907787
3174	8229	1	20.0220146	11.29006	12.9007072
2532	6869	2	20.0069294	11.0863848	21.6086826
138	6444	1	20.0069237	10.331171	21.6086788
7793	8024	1	20.0059261	12.8279037	14.1907787
7966	8833	1	19.9933128	9.51884079	20.6411266
57	9610	1	19.9923096	13.9622841	13.2232246
2468	3219	1	19.9846401	12.9724474	15.15833
4180	9147	1	19.9831696	13.0194893	24.8338566
4701	6295	2	19.978693	12.7905293	12.2556725
505	7491	2	19.9720249	11.1440439	21.6086807
2112	8740	2	19.9685555	13.5912552	16.4484024
7996	9645	2	19.9574127	11.3371048	13.2232275
2181	8328	2	19.9574089	12.2450027	13.2232237
2430	9562	1	19.9549389	13.1029072	15.4808474
8363	8702	2	19.9487381	12.0534077	7.7404232
117	9514	2	19.9482689	11.6232529	24.8338585
5378	8090	1	19.94627	10.3670807	9.99805164
2585	6945	2	19.9200401	13.769228	15.4808464
308	2519	2	19.9123688	9.3995266	17.4159565
3390	9154	2	19.9123688	13.0791502	17.4159546
8385	9634	1	19.9113693	10.5116253	9.99804878
4982	5493	1	19.9088974	13.6023989	12.2556686
5220	5750	1	19.8987541	13.1256618	16.4484005
205	4426	1	19.8987503	11.7182789	16.4483986
5229	8333	2	19.8886127	10.9321737	20.6411304
4015	4597	2	19.8886108	12.1964808	20.6411324
1105	3210	2	19.8774681	12.8051472	17.4159546
891	893	1	19.8613796	13.3308659	18.706028
5353	6119	2	19.8613796	11.3918171	18.7060261
2698	8013	2	19.8527107	11.2774487	13.2232265
1147	6720	1	19.8400974	11.9321537	19.6735764
1889	5083	1	19.8400955	13.8192101	19.6735764
4599	7189	2	19.8376293	12.7566309	21.9312019
1507	3043	2	19.8289509	12.2935143	16.4484005
109	8359	1	19.8264809	12.804143	18.7060242
1476	1640	1	19.8178101	12.9137917	13.2232246
7114	7706	1	19.7930527	9.31858253	9.03049374
3969	4976	1	19.7814369	11.099	22.8987541
3929	5219	1	19.7769642	9.38838291	10.3205652
285	8895	1	19.7678261	12.614562	21.9312057
2896	8220	1	19.7678204	12.6247015	21.9312
4977	8797	2	19.7668247	10.1066933	14.5132961
1978	3172	1	19.7566795	12.0417967	18.7060204
146	2895	1	19.7217789	12.8652735	18.7060261
4291	4974	2	19.7207832	12.1130695	11.2881193
4975	7816	1	19.7207775	12.0160341	11.2881165
4055	7007	1	19.7091637	12.3643103	25.1563759
5887	9014	2	19.7046909	9.91262817	12.5781879
6460	8887	1	19.6970215	11.8365898	14.5132942
6199	7530	2	19.6834087	12.1741982	13.5457439
4491	6374	2	19.6707935	11.3932905	19.9960918
791	4327	2	19.6621227	11.2759743	14.5132952
3545	9291	1	19.6561756	9.01487827	11.6106358
2150	3957	1	19.6495075	10.1764879	20.963644
3049	9420	1	19.6460381	12.6237011	15.8033667
5079	8279	2	19.6348953	10.0581789	12.5781918
3367	6588	2	19.6348953	10.7371101	12.5781889
3701	6721	2	19.6247501	10.1304512	16.7709179
420	9028	2	19.622282	8.87380981	19.0285473
2065	9522	2	19.6126099	11.7197514	6.12783718
118	1228	2	19.6101322	9.91310024	8.38545895
111	8570	2	19.6096649	11.9321556	25.4788971
627	9415	1	19.6009979	10.773015	19.9960938
3118	7607	2	19.5985222	12.8638039	22.2537174
507	1496	1	19.5975189	12.5402842	14.8358116
1541	8274	2	19.5908508	11.144043	24.1888256
5498	7136	1	19.5888519	11.9326267	9.35301208
5446	6203	1	19.5873775	11.9326181	19.0285435
165	4511	1	19.5762348	10.296277	15.8033638
485	6472	1	19.5660973	13.7368002	19.9960976
1151	8953	2	19.5660934	11.3593874	19.9960976
1654	3751	1	19.5650978	11.0843906	12.5781908
4395	8479	2	19.5650978	11.8841076	12.5781908
602	1383	2	19.565094	10.5601387	12.5781879
680	4081	1	19.5549507	9.99604034	16.7709141
5312	6708	2	19.5549488	12.7692432	16.770916
5240	5543	1	19.5539513	11.7769356	9.35301399
5150	5701	1	19.5534821	11.3952932	26.4464512
383	6959	2	19.5514755	9.04210567	11.6106358
353	8888	1	19.5413399	11.7794075	15.8033686
4443	4589	2	19.5413361	12.0150394	15.8033667
2231	6776	1	19.538868	12.4578724	18.0609913
6686	8142	2	19.5378609	8.92132187	10.6430836
3808	5061	2	19.5301914	9.93985844	12.5781879
3227	8344	1	19.5277214	12.7566338	14.8358126
5898	8858	2	19.5175781	11.8264523	19.0285416
7849	8682	2	19.5064373	11.1678019	15.8033667
5270	8971	1	19.5039635	11.7294216	18.0609856
496	5269	2	19.4928226	12.3870687	14.8358135
382	5395	2	19.4928207	10.1754885	14.8358126
2128	9137	2	19.4816799	9.8205471	11.6106367
4380	4697	1	19.4792023	10.8205261	13.8682594
511	6580	1	19.4705334	12.59027	8.3854599
5200	6656	2	19.4579239	11.1702805	14.8358097
2473	4685	1	19.4544487	10.8205261	9.67552853
2422	9588	1	19.4477768	9.71190262	19.0285435
827	1079	1	19.445303	10.5586662	21.2861652
1138	2920	1	19.4443054	12.06355	13.8682575
12	556	1	19.4443054	10.3670797	13.8682594
897	3738	1	19.434166	11.6707659	18.0609894
6098	6835	1	19.434166	11.8365917	18.0609894
1754	9696	2	19.4341602	10.3569365	18.0609875
4000	4128	1	19.4331627	12.2551374	10.6430817
5163	8998	1	19.4084034	13.0088177	6.45035267
1630	3875	2	19.4059277	10.7234898	8.70797539
1486	1994	1	19.3992653	10.1304512	18.0609894
3943	8611	2	19.3992615	9.04310799	18.0609875
130	6481	2	19.3992615	10.5465221	18.0609856
3001	7098	1	19.3967934	14.1291113	20.3186111
1740	4951	2	19.3856506	11.441802	17.0934353
4542	7956	1	19.3846474	14.1417313	9.67553043
5306	8021	1	19.374506	11.6470089	13.8682594
2672	7389	2	19.3745041	9.91510296	13.8682604
661	4860	2	19.372036	13.3071156	16.125885
4989	5743	1	19.3710327	12.8506594	8.70797729
5717	9114	1	19.3710308	11.956377	8.70797729
7817	8867	1	19.36236	12.1246805	3.22517776
596	9659	1	19.3608932	12.6873016	12.9007082
3225	7239	1	19.3608913	10.1381187	12.9007072
1629	3021	1	19.3517532	9.37576866	24.5113468
399	3180	1	19.3517513	11.7789402	24.5113411
6575	7529	1	19.3497467	12.5912752	9.67552948
9121	9140	1	19.3371353	12.2551394	16.125885
1481	5195	1	19.3371353	12.2202406	16.125885
2219	2506	1	19.3371334	11.825449	16.1258812
3340	9553	2	19.3336582	12.1818647	10.965601
4805	7580	1	19.3259907	11.7905502	12.9007072
2307	8772	1	19.3245239	14.1214476	22.5762348
3127	3678	2	19.3168488	12.2808971	24.5113411
1622	2373	2	19.3158455	9.47279835	17.0934334
1249	9377	2	19.3108997	8.8364315	21.6086845
1430	4178	2	19.3022308	10.2725153	16.1258831
4227	8057	2	19.3012314	12.7682447	8.70797634
440	5882	2	19.2910919	10.8715153	12.9007082
14	803	1	19.2910881	8.11192799	12.9007063
3243	8081	1	19.2896194	12.1242123	22.5762367
804	4214	1	19.2886181	13.3657646	15.1583328
1070	4416	1	19.2876167	12.1368246	7.74042511
258	6928	2	19.2784805	12.5650482	19.3510628
3715	9602	2	19.2764702	11.6101027	4.51524448
471	591	2	19.2683315	12.6858311	23.5437889
772	2248	2	19.267334	12.6383181	16.125885
60	2057	2	19.2638588	12.6746922	10.965601
5060	7203	1	19.2571888	10.9175501	20.3186111
489	8536	2	19.243578	10.4403534	19.351059
161	7406	2	19.2425785	8.06340981	11.9331551
1338	6497	2	19.2425747	11.2972612	11.9331512
3583	4373	2	19.241106	11.837594	21.6086845
2364	3903	1	19.22896	12.9613056	10.9656
8106	8420	1	19.2279625	13.5330677	3.54769516
3427	8391	1	19.2198162	10.9524536	22.5762348
1427	3186	1	19.2188187	12.1353559	15.1583319
4964	7463	2	19.2188187	12.051939	15.1583281
2862	4556	1	19.2188187	10.9413109	15.1583319
8290	9679	1	19.2153435	12.9360762	9.99804688
5840	6851	1	19.207674	10.3336477	11.9331551
5585	7181	1	19.205204	11.6111107	14.1907768
4132	9433	2	19.2027302	10.1032181	16.4484005
5579	6490	1	19.1940613	12.6261787	10.9656029
1567	5555	2	19.1925888	12.1105957	20.6411285
46	7443	1	19.1804428	10.3695536	9.99804878
4965	5473	1	19.1713047	10.7143545	21.6086845
5914	6483	1	19.1703033	12.2799034	14.1907778
6759	8600	2	19.1668262	13.2100801	9.03049469
8861	9534	1	19.1465473	11.4801769	17.4159546
5757	7584	2	19.145546	12.6994495	9.99804878
6049	9125	2	19.1354046	12.8056145	14.1907768
759	6541	1	19.1354027	12.05441	14.1907787
1403	8826	2	19.1329327	10.225008	16.4483986
2982	3905	1	19.1329288	11.7081356	16.4484005
3589	8836	2	19.1242599	11.8628225	10.9656
5098	6696	1	19.1131191	9.18564796	7.7404232
16	1920	2	19.1116486	11.8128357	17.4159565
1326	8670	2	19.1116486	9.57997227	17.4159565
343	7466	2	19.1091766	10.6299391	19.6735783
555	6079	2	19.1091747	10.1628714	19.6735783
6187	9172	2	19.1015015	10.4044437	21.6086807
4445	9451	1	19.0990314	10.0829344	23.8663063
652	8285	2	19.0878906	11.0853891	20.6411343
932	2039	2	19.0767441	11.0606289	17.4159546
3575	5705	1	19.0656052	11.6596222	14.1907806
5672	9439	1	19.0519867	12.1964827	13.2232227
4289	4726	1	19.0519867	10.6784554	13.2232265
877	3291	1	19.0495167	11.6460075	15.4808502
272	3154	2	19.0393734	11.8836422	19.6735802
5352	5985	1	19.0383759	10.1643457	12.2556744
1302	9633	2	19.0383759	11.3957586	12.2556725
5760	8556	2	19.026762	12.3653183	26.1239338
1172	2964	2	19.0170879	11.5054045	13.2232246
5205	5406	1	19.0069466	11.4316597	17.4159546
3097	8070	2	19.0049438	8.63764572	2.58014107
3756	6529	1	19.0044746	11.3482475	19.6735802
2888	5825	2	19.0044727	10.846283	19.6735764
1044	1983	2	18.9923325	11.4432755	9.03049564
4125	4762	2	18.9807205	11.6809082	22.8987503
1785	9548	1	18.9797192	9.41314316	15.4808493
3050	3781	2	18.978714	11.6247215	8.06294155
20	160	2	18.9772453	12.0883102	17.7384758
944	3939	2	18.9685745	11.4558868	12.2556725
1049	5057	1	18.9685726	11.9811344	12.2556705
3965	6866	2	18.9675713	10.5242367	4.83776569
5522	6563	1	18.9661026	11.8714943	14.5132952
5810	8519	2	18.9559612	11.1091461	18.7060242
7366	7854	2	18.9559574	11.754179	18.7060242
1006	2113	2	18.9549599	11.8254471	11.2881203
5105	6323	2	18.9549561	11.9573841	11.2881174
4485	8312	1	18.9448147	12.6397858	15.4808445
5041	6258	2	18.9438152	10.9165545	8.0629425
8031	9454	1	18.9346771	12.4704876	19.6735802
8583	9179	1	18.9346733	8.9723053	19.6735764
4907	6456	1	18.933672	10.7643433	12.2556715
1250	5118	1	18.9322052	11.9806719	21.9312019
7742	9141	2	18.9312019	9.18418121	14.5132952
1942	9060	2	18.9312019	12.0271816	14.513298
9054	9339	1	18.9312	8.61141014	14.5132961
8845	9100	1	18.9210606	7.99361229	18.7060242
4033	7446	1	18.9074459	10.9796906	17.738472
600	7324	2	18.9074421	10.3908348	17.738472
1784	8781	2	18.8851585	10.775486	11.2881193
3938	6061	2	18.8851566	11.2041693	11.2881184
5490	9089	2	18.8725433	10.8225298	17.7384701
3997	5636	2	18.85993	10.9883585	24.1888275
1775	2014	1	18.8589287	12.3982143	16.7709198
4627	6412	1	18.8477879	11.0247269	13.5457439
3341	6168	2	18.8341656	10.2710457	12.5781879
2278	6499	2	18.8250275	11.1066685	24.1888218
1398	1623	1	18.824028	12.349699	16.7709198
7506	9093	1	18.8205547	11.4170494	11.6106377
3369	8393	1	18.8138866	10.8240013	20.9636459
673	9300	1	18.8138828	5.50655746	20.9636459
2010	3211	2	18.8128872	9.14927959	13.5457439
8498	9046	1	18.8037453	7.94462776	25.1563778
3915	9133	2	18.8002739	12.3880739	19.9960976
3826	9066	2	18.8002739	9.91610336	19.9960976
6283	6465	2	18.800272	13.4976959	19.9960957
5530	7411	1	18.8002701	8.64832211	19.9960938
4679	8258	2	18.7901287	8.44558239	24.1888218
829	4591	1	18.7891293	11.5999641	16.7709198
429	9108	1	18.7653732	10.1789656	19.9960995
7468	8174	2	18.76437	11.3447723	12.5781898
2306	3899	1	18.7618999	9.12552738	14.8358135
5648	6570	2	18.7618999	11.885107	14.8358116
2927	8482	1	18.7430878	11.6135807	13.545742
2161	6453	1	18.7430859	10.3933067	13.5457439
635	3795	1	18.7420845	12.1256866	6.12783432
207	5640	2	18.7406158	13.0073481	15.8033695
763	1037	1	18.7396145	8.6351738	8.3854599
4066	7471	1	18.7396126	10.3786907	8.38546085
1728	2403	2	18.716856	11.5873451	19.0285416
2206	4900	1	18.716856	10.6309385	19.0285435
1368	2408	1	18.7168541	7.59635258	19.0285416
212	5085	2	18.7158585	11.5479727	11.6106358
3252	6943	1	18.7158527	10.938839	11.6106367
5843	6542	2	18.7057133	10.0930748	15.8033676
3588	9506	2	18.7032433	10.8801832	18.0609894
1907	9338	1	18.6955681	10.0208035	19.9960938
2868	4830	1	18.6945724	10.0334196	12.5781898
2486	8302	1	18.6945724	9.01981735	12.5781898
4638	6539	1	18.6931019	10.0591774	22.2537155
7840	9215	2	18.6921024	8.30104256	14.8358145
2470	4764	2	18.6708126	8.89903164	15.8033657
1423	6318	2	18.6683426	8.09583855	18.0609932
4315	5684	2	18.6571999	10.8215294	14.8358145
501	8591	2	18.6460571	10.7992439	11.6106358
1382	6317	2	18.6435814	10.3210354	13.8682604
6797	9070	2	18.6334419	10.1779613	18.0609913
929	4654	1	18.63344	11.8714905	18.0609913
4514	8935	2	18.63344	8.32479858	18.0609875
233	1792	1	18.6324425	12.1120653	10.6430836
4316	4509	1	18.6208267	11.274971	24.5113449
1401	3247	2	18.6208248	11.897253	24.5113449
4636	7494	1	18.6198292	11.6086359	17.0934391
6421	8848	1	18.6198254	11.8603458	17.0934334
4851	8683	1	18.6086826	11.1430407	13.8682613
1442	4750	1	18.6086826	11.0955267	13.8682594
424	6764	2	18.5985374	9.50769901	18.0609875
2638	2786	2	18.5863972	11.2516851	7.41790676
993	3602	2	18.5849266	12.2313852	17.0934372
3686	6027	2	18.5500298	7.19042206	17.0934391
7603	8050	1	18.5388832	9.97476196	13.8682604
21	5501	2	18.5364113	7.2510767	16.125885
2275	4814	2	18.5227966	8.29090309	15.1583309
2380	4011	2	18.5165958	11.0160561	7.41790676
2986	6752	2	18.5151253	10.3918371	17.0934334
3797	5959	2	18.5039845	11.3744783	13.8682594
6293	7086	2	18.5015106	9.85397243	16.125885
5336	9168	1	18.5015106	10.9660702	16.1258812
567	8585	1	18.5005112	11.5625935	8.70797729
901	6849	2	18.4980354	10.3311768	10.965601
3772	9131	1	18.4903679	11.1804123	12.9007072
646	1776	1	18.490366	10.9660683	12.9007072
2250	9427	1	18.4878979	8.86166096	15.1583328
405	7941	2	18.4878979	9.72204113	15.1583319
7447	9577	1	18.476757	12.0620842	11.9331532
4368	8152	2	18.4656105	10.5965128	8.70797729
900	969	2	18.4656105	12.3623104	8.70797729
5132	7905	1	18.4656086	10.8603668	8.70797729
5047	8226	2	18.4505253	11.3806744	17.4159527
5676	9566	1	18.4428558	10.6183243	19.3510628
533	3076	1	18.4418488	12.3360777	11.9331522
2156	9675	1	18.4292393	11.1217575	18.3835068
1067	2620	1	18.4282398	9.62748909	10.965601
1540	9653	1	18.4205704	9.36509609	12.9007072
7362	8439	1	18.419096	11.8274479	22.5762367
4682	7801	1	18.4180984	7.49064541	15.1583328
7681	8252	2	18.4069557	9.92625141	11.9331541
5505	8115	1	18.40695	10.081933	11.9331522
789	5075	2	18.4034786	9.06586552	6.77287102
187	6107	1	18.3968124	10.1405888	16.125885
872	2858	1	18.3943405	6.76987267	18.3835068
1114	4613	2	18.3943386	11.6833782	18.3835068
3688	4359	1	18.3933392	13.3895245	10.9656
4926	9561	1	18.384201	11.6707687	22.5762348
423	7130	2	18.3831997	12.4952488	15.1583328
3016	3805	1	18.3821926	10.0834026	7.74042416
6811	8360	2	18.3705807	9.52031517	21.6086826
4244	6030	1	18.3584385	9.30496502	10.965601
3617	9396	1	18.3482952	6.22285938	15.1583271
6805	7012	2	18.3482952	9.9398613	15.158329
2254	2630	2	18.3458252	10.2972794	17.4159565
5813	6791	1	18.3356743	9.47279739	21.6086807
1509	5919	2	18.33321	10.8215256	23.8663063
5851	6271	1	18.3322086	11.7905512	16.4484024
3228	6740	1	18.3210621	12.0645514	13.2232246
2966	4733	1	18.3200626	9.43442535	5.80531693
6475	9266	2	18.3133965	10.3933067	15.1583319
2615	3933	1	18.3109245	12.0645494	17.4159546
987	7572	1	18.3109245	9.50916958	17.4159546
457	5881	2	18.3099213	7.692379	9.99804878
1777	8118	1	18.3084545	12.7930059	19.6735783
114	2245	2	18.3007812	9.17256832	21.6086807
4005	9471	1	18.2997818	10.9286995	14.1907787
4722	8243	1	18.2987785	11.048481	6.77287292
221	8499	2	18.2896385	10.4190693	18.3835068
694	2732	2	18.2861671	11.0111113	13.2232265
712	4828	1	18.2861671	9.71089745	13.2232256
8097	8462	1	18.285162	10.4034491	5.80531693
5253	6781	1	18.2735538	11.0980034	19.6735764
702	6442	1	18.2624073	10.5227661	16.4484024
538	2547	2	18.2614079	10.846756	9.03049469
5424	6044	1	18.2512665	11.7071362	13.2232256
1500	4748	1	18.2512665	9.78316879	13.2232246
1364	5050	1	18.2512665	9.56883049	13.2232246
614	7499	1	18.250267	8.33741856	5.80531883
1468	3910	2	18.2487926	11.8724995	15.4808483
835	3257	2	18.2376518	9.65124321	12.2556725
3736	7815	1	18.2275085	7.04934883	16.4484024
1893	4051	1	18.2153645	10.4509649	5.80531883
2946	9224	1	18.2138939	12.0868378	15.4808483
1206	7965	1	18.2138939	9.79284668	15.4808483
4001	4543	2	18.2138939	12.3870697	15.4808474
1166	4755	2	18.2062263	9.98837852	17.4159584
703	1899	2	18.2062244	9.3210535	17.4159546
6228	7673	1	18.2037563	6.50901699	19.6735764
370	4677	2	18.1926098	9.41414452	16.4484024
1270	7376	1	18.1804657	10.5106201	5.80531788
2144	4137	2	18.178997	9.45051289	15.4808502
715	2355	1	18.1789932	10.4504929	15.4808464
2013	9621	2	18.1789913	7.9436245	15.4808474
4789	8852	1	18.1678524	9.77202988	12.2556725
2659	8126	1	18.1678486	8.83937263	12.2556715
2484	6222	1	18.1678486	7.80054951	12.2556705
182	2996	1	18.1653748	11.6799002	14.5132942
1463	8880	1	18.1577072	12.1863403	16.4484005
7287	8835	1	18.1542339	10.3660736	11.2881184
741	5369	1	18.1542339	11.658617	11.2881193
3164	5902	1	18.1440926	10.1653481	15.4808502
6306	9358	2	18.1430893	9.61633873	8.06293774
4993	9583	2	18.1329498	6.41345024	12.2556725
2692	8122	2	18.1304798	10.1279764	14.5132961
1358	5259	1	18.1228104	9.07947731	16.4484024
2007	3065	2	18.1228065	10.0232735	16.4484024
1993	6743	2	18.1213379	8.43297386	26.1239262
98	2703	1	18.1203384	6.84414482	18.7060299
1415	7517	1	18.1203384	10.3447933	18.7060261
5231	9535	2	18.1203365	8.76810551	18.7060242
1782	3032	1	18.1091919	7.87035465	15.4808502
1068	2900	2	18.0975819	10.5722828	29.3491058
330	2149	2	18.0955791	10.3210354	14.5132961
4294	5735	1	18.0931053	9.96114922	16.7709198
1557	9378	2	18.0921059	10.1269741	9.35301399
7305	9083	2	18.0844364	12.0645523	11.2881203
6964	8458	2	18.0834351	11.2041759	3.87021065
7778	8714	2	18.0809593	7.84559155	6.12783241
1121	9558	1	18.0742912	10.5975075	15.4808502
8315	9462	2	18.0718231	9.8079319	17.7384758
2774	5765	2	18.0606766	10.2017174	14.5132961
4018	4955	1	18.0505352	10.2260065	18.7060242
235	3448	2	18.0495358	10.0945473	11.2881184
3785	5279	1	18.0495338	9.07600403	11.2881184
5915	6848	2	18.0369225	6.83399963	17.7384739
3167	6555	2	18.0334435	7.45080185	12.5781898
7474	7754	1	18.0267792	9.66585827	21.9312019
5650	8698	1	18.0257778	10.7730112	14.5132904
39	2833	2	18.0257759	7.51640511	14.5132952
5146	8708	1	18.0247784	10.6187954	7.09539032
1217	3940	2	18.023304	8.36317348	16.7709198
3313	7522	1	18.0156384	9.06934166	18.7060261
1690	3082	2	18.014637	10.8715153	11.2881203
1276	6540	2	18.0131664	8.75549603	20.9636497
1018	9011	2	18.0121632	9.36462688	13.5457411
722	5178	1	18.0121632	9.90249252	13.545743
5421	8042	1	18.0121613	11.4903164	13.545742
3830	7291	1	18.0111599	9.7957859	6.12783432
6132	6227	2	18.0020237	8.23124313	17.738472
365	3565	2	18.0020218	10.4767218	17.7384701
7104	9069	1	18.0010185	8.99359131	10.3205643
4743	7598	2	17.9995518	11.3371048	19.9960976
4	1962	1	17.9995499	9.92377377	19.9960976
3077	7329	2	17.9985504	9.23269844	12.5781908
5206	6060	1	17.988409	8.58866215	16.7709198
4729	7630	1	17.9884033	8.44311523	16.7709198
6213	9293	1	17.9797382	10.1566792	11.2881193
3000	5495	2	17.9747925	10.7381115	15.8033657
5341	9405	2	17.967123	8.31465912	17.738472
4502	9414	2	17.9656487	10.3816929	27.4140015
805	1871	1	17.9646511	9.87773228	19.9960976
825	7802	1	17.9636478	9.61633778	12.5781898
5693	8979	1	17.9636459	8.91017437	12.5781898
6937	9227	2	17.9626484	7.62158108	5.160285
1129	8753	1	17.9535084	8.37331581	16.7709217
3120	5322	1	17.9500332	9.87773132	11.6106367
352	9689	2	17.9500313	10.9200268	11.6106377
4268	9199	1	17.9500294	11.358387	11.6106377
125	1559	2	17.9398918	9.55521011	15.8033676
1004	4782	2	17.9398899	9.90248775	15.8033638
1039	6515	1	17.9307537	9.88987446	27.4140034
5317	5463	1	17.9297447	8.86512947	19.9960938
2091	7303	1	17.9287491	10.320035	12.5781918
409	8807	2	17.9287472	8.41068649	12.5781908
9447	9549	2	17.9287472	10.8826571	12.5781898
303	9367	1	17.9272766	9.57997513	22.2537193
3587	7767	2	17.9262753	10.8801823	14.8358135
2721	6502	2	17.9252739	10.2502337	7.41790581
2143	9445	1	17.9176044	9.4009943	9.35301304
557	8087	1	17.9161339	11.3336315	19.0285416
846	1036	2	17.9151325	7.12828636	11.6106367
1173	5043	2	17.9049931	11.0843878	15.8033657
7661	8089	2	17.9049892	9.65124321	15.8033648
7525	9499	1	17.9039898	10.7022114	8.38545895
4573	6476	2	17.9039879	10.6435518	8.3854599
2837	9105	1	17.9025173	11.8603487	18.0609894
4990	8430	2	17.8973198	8.33841228	17.7384701
1124	8478	2	17.8923759	7.513937	22.2537174
4630	6531	1	17.883709	10.7046814	16.7709198
1367	5780	2	17.883707	9.48394108	16.7709179
6081	6802	1	17.8802338	8.23024464	11.6106358
257	2469	1	17.8700924	9.02082729	15.8033667
3372	6633	2	17.8700905	10.9311695	15.8033657
5094	6930	1	17.8700886	7.95376205	15.8033657
112	3115	1	17.8589497	9.67499924	12.5781898
177	6212	2	17.8589478	10.69207	12.5781879
5343	6775	1	17.8589458	9.56782532	12.5781889
1014	7536	1	17.8564758	10.5329018	14.8358116
1355	4102	1	17.856472	11.5276871	14.8358097
2768	4074	1	17.832716	10.0445614	18.0609894
4620	8225	2	17.8114357	8.86266518	19.0285397
5411	9455	1	17.8114357	10.5838966	19.0285454
7895	9145	2	17.8079605	11.1455173	13.8682594
147	7413	1	17.7992897	8.81709099	8.3854599
1425	6092	2	17.7978172	10.4403543	18.0609894
1498	2434	2	17.7968197	9.436903	10.6430845
11	8640	1	17.7968159	9.55768585	10.6430817
3277	6215	1	17.7953453	10.4292021	20.3186111
133	1176	1	17.7933426	11.3361006	5.48279953
2947	7080	1	17.7842045	11.0368767	17.0934353
3590	6185	2	17.7842045	10.2735233	17.0934372
3790	4535	1	17.7740631	9.75793839	21.2861614
2733	3218	2	17.7740631	8.47034264	21.2861633
3760	8980	1	17.7730598	11.8841038	13.8682594
4120	7682	2	17.7639198	8.65079117	25.4788933
3823	7581	1	17.7619152	9.77055931	10.6430836
2780	7738	1	17.7493019	11.7905483	17.0934372
2184	9579	2	17.7493	6.62879372	17.0934334
1069	1074	1	17.7391624	8.17011547	21.2861614
2495	9043	1	17.7391624	7.66961956	21.2861633
6409	7444	2	17.7381592	9.09062576	13.8682613
1413	2453	2	17.7356873	9.06686687	16.1258831
1286	2004	2	17.7265434	9.72404766	27.736515
5945	7144	1	17.7245445	8.91017532	12.9007072
2272	6916	2	17.7144032	11.3957615	17.0934372
3993	5438	1	17.7134018	9.64009857	9.67552948
5020	8128	2	17.7032623	6.70354366	13.8682594
350	7664	2	17.7007885	9.12552452	16.125885
168	4453	1	17.7007885	10.7517281	16.125885
1646	2487	2	17.6906471	10.8113861	20.3186092
3920	6977	2	17.6896477	9.12452221	12.9007092
195	1392	2	17.6896458	9.34087467	12.9007053
2722	9192	1	17.6896439	8.43197632	12.9007092
19	7074	1	17.6770325	11.5984888	19.3510609
4866	8476	2	17.6760292	9.04210949	11.9331532
44	8632	1	17.6658878	10.4292107	16.1258831
4650	5475	2	17.6658878	10.6658363	16.1258831
5696	6538	2	17.665884	10.7415819	16.1258831
622	5674	1	17.6648903	10.6910706	8.7079792
6311	7829	1	17.6648865	9.86658669	8.70797634
3280	4216	1	17.663414	8.40921593	18.383503
2826	4249	1	17.6547451	7.96637821	12.9007072
2061	7296	1	17.6547451	9.01982117	12.9007072
113	4796	2	17.6522732	8.23024464	15.1583309
184	4513	2	17.6386585	10.5091515	14.1907749
378	7247	1	17.6309891	8.30251312	16.125885
582	2213	2	17.6299877	10.4757204	8.70797825
628	1189	1	17.6275139	10.8205252	10.9655991
9064	9361	2	17.6208458	8.27875328	20.3186131
326	1287	2	17.6198463	7.9911375	12.9007072
143	2957	1	17.6183758	8.83023739	22.5762367
86	1331	2	17.6163673	6.8431406	7.7404232
2237	4310	1	17.6097031	10.3933048	17.0934372
733	9387	2	17.6062279	10.8816547	11.9331551
82	1517	2	17.6037598	9.75594425	14.1907797
3794	4213	2	17.603756	9.72204304	14.1907749
546	6991	2	17.5950871	9.89034462	8.70797634
3035	5518	1	17.5936146	10.8690376	18.3835049
2246	3464	1	17.5921383	8.07307625	28.0590363
6225	7582	1	17.5824699	9.01981735	15.15833
1538	9380	2	17.5814724	11.0373411	7.74042511
6723	8678	2	17.5799999	11.2648354	17.4159527
2384	6881	1	17.5790005	11.0955315	9.99804878
1697	4642	2	17.5688591	5.88773155	14.1907768
4941	9478	1	17.5688572	10.3559341	14.1907768
6907	7971	1	17.5587158	10.1876278	18.3835049
5856	8964	2	17.5577164	8.469347	10.965601
368	3194	1	17.5485725	10.0354233	22.5762367
3306	7365	2	17.5451012	10.5950365	17.4159546
1543	5182	1	17.5359592	10.2260094	29.0265884
8602	9536	1	17.5349579	9.65324306	21.6086845
1460	8924	2	17.5339584	8.81561852	14.1907778
779	2902	1	17.5339584	10.9423161	14.1907778
2337	8688	2	17.5339546	10.0920773	14.1907778
5711	7246	2	17.5238171	11.2376013	18.3835068
609	7588	2	17.5238152	8.50424194	18.3835068
5366	9663	2	17.5203438	6.78548622	13.2232227
868	1220	2	17.5126762	7.05848885	15.1583328
5281	7159	1	17.5126743	9.77303505	15.1583309
529	5939	1	17.5126705	9.18765163	15.1583309
2677	4569	1	17.5116749	9.93886185	7.74042511
802	7939	2	17.5067253	9.60373306	12.2556667
8056	9173	1	17.4990597	9.34087372	14.1907787
7024	8151	2	17.4990578	10.7517252	14.1907787
4933	8167	2	17.4990559	8.75595856	14.1907787
126	7846	1	17.4980564	9.4131422	6.77287197
2554	6076	1	17.4965858	9.25745678	16.4484024
245	493	1	17.4854412	9.62748241	13.2232256
4863	5244	2	17.4854393	9.48440742	13.2232237
5292	9423	2	17.4829712	10.0794601	15.4808502
2809	6130	1	17.475296	11.0616322	17.4159508
284	2876	2	17.4743004	10.7992382	9.99804878
1107	8271	2	17.4651566	9.80993652	21.6086826
7590	8855	2	17.4616852	9.33986664	16.4484005
2771	6967	2	17.4515438	8.9349308	20.6411304
685	4963	1	17.4403992	9.67452621	17.4159527
2419	8041	2	17.4369278	9.62501049	12.2556705
167	4998	1	17.4267883	9.4131422	16.4484043
7786	8284	1	17.4257832	7.87182522	9.03049469
4293	5869	2	17.4156418	10.6673079	13.2232256
4690	8680	1	17.4020271	10.7269688	12.2556705
5323	6356	1	17.3995533	11.3098698	14.5132923
2388	4858	1	17.3918877	10.5591393	16.4484043
2491	5923	2	17.3908844	8.61141777	9.03049469
4932	5116	1	17.3894157	9.83021545	18.7060242
3840	7288	2	17.3894081	9.79531097	18.7060242
2377	3846	1	17.3569832	9.30349636	16.4483986
5088	7385	1	17.3433723	8.74187851	15.4808493
144	5018	1	17.3347015	9.6760006	9.99804878
3213	8677	2	17.333231	7.58473873	19.6735764
1887	9249	2	17.3322277	10.2972775	12.2556725
4585	6737	2	17.3307552	10.8351393	21.9312
51	3246	1	17.3220863	8.62603664	16.4484024
323	2633	1	17.321085	11.0610991	9.03049564
558	1030	1	17.3171387	9.4208107	20.9636497
1143	9257	2	17.3094711	9.93738651	22.8987503
6052	8709	2	17.3094711	9.97576141	22.8987522
1537	7131	2	17.3074722	9.25892353	8.06294155
149	2546	1	17.3074703	10.4519615	8.06294155
389	3393	2	17.297327	10.2851305	12.2556734
7072	9383	1	17.296854	8.74534321	29.349102
4348	6050	1	17.2958565	9.30449677	21.9312019
7827	9216	2	17.294857	6.91741371	14.5132961
2320	7589	2	17.2948532	8.6473217	14.5132971
642	8230	2	17.2871876	6.77434158	16.4483986
1956	2290	1	17.2847118	11.0121155	18.7060242
3368	6116	2	17.2837105	8.55175495	11.2881174
3253	5036	2	17.2837105	8.45920467	11.2881174
6379	9640	2	17.2812386	10.724493	13.545742
5025	7913	2	17.2700958	8.16911411	10.3205652
3766	5899	2	17.2686234	11.1202869	19.9960938
2843	8532	1	17.2599564	9.59258747	14.5132971
783	2215	1	17.2574825	10.3559351	16.7709198
2385	8628	2	17.2488136	9.07947922	11.2881203
6672	7338	2	17.2463417	9.50770283	13.5457411
6327	9110	1	17.2463417	11.3472424	13.545743
1748	2025	1	17.2386723	8.24385834	15.4808483
3103	6786	1	17.2362022	11.0979977	17.7384682
1982	7969	2	17.235199	8.8854208	10.3205652
2727	9239	1	17.2250557	8.85152245	14.5132961
1897	8514	1	17.2124424	9.91363049	20.9636478
3148	9003	1	17.2114391	9.55521202	13.5457411
102	8301	2	17.2104397	6.534235	6.12783623
744	6075	1	17.2089653	9.67700005	15.8033657
4340	9688	2	17.2012978	10.0683184	17.738472
3155	8629	2	17.2012978	8.42329979	17.7384739
355	6000	1	17.2012959	6.94116974	17.7384701
4343	5031	1	17.1876812	9.95100403	16.7709179
7031	9413	1	17.1775379	9.69928741	20.9636478
2926	8610	1	17.1765404	9.72204113	13.545743
2175	6609	2	17.166399	10.3220406	17.738472
2349	8436	1	17.1604481	8.58518505	14.8358116
2418	9481	1	17.1537819	9.48641396	24.1888237
5831	9150	1	17.1527805	9.48394012	16.7709179
3298	3692	2	17.151783	8.91017628	9.35301208
33	5965	1	17.1517811	9.40200043	9.35301399
6618	8062	1	17.1503086	11.0980005	19.0285416
7025	7231	2	17.1426373	9.90248585	20.9636459
7949	8419	1	17.1416397	8.87774658	13.5457411
7403	7808	1	17.1381664	8.04979897	8.38546085
3496	9643	2	17.1314983	6.44067764	17.7384701
1462	4708	1	17.1290226	9.97475433	19.9960899
7211	8673	1	17.1280251	6.34117889	12.5781879
623	8345	1	17.1280251	9.45818329	12.5781898
5814	8838	1	17.1178837	9.68714046	16.7709198
668	3874	1	17.1178837	8.79286003	16.7709198
6678	7336	2	17.1178818	10.6546936	16.7709179
406	6345	1	17.1178799	10.5227671	16.770916
70	575	1	17.1168842	9.54507256	9.35301208
2516	4996	2	17.1154137	8.002285	19.0285454
1769	7855	1	17.1134033	10.9276943	4.192729
364	6597	1	17.106741	10.6086521	13.545743
1291	4054	1	17.1042671	8.00475597	15.8033638
1155	6165	2	17.1017952	11.7269478	18.0609894
4411	6706	2	17.0951271	9.35301208	27.4139957
6526	7947	2	17.0941296	10.0717916	19.9960918
3143	8637	1	17.0941257	9.61587429	19.9960976
3233	4362	1	17.0941238	8.46786976	19.9960938
1407	7188	1	17.0896473	9.24530411	7.41790676
4832	6626	2	17.080513	7.77680016	19.0285435
286	7264	2	17.080513	8.54014587	19.0285435
5845	8595	2	17.0795135	9.72204685	11.6106386
8002	8728	2	17.0795097	5.72090244	11.6106367
2690	3498	1	17.0693684	9.41414452	15.8033676
6267	8663	1	17.0693665	10.379694	15.8033657
3639	8989	2	17.0693665	10.1168289	15.8033657
2840	5920	1	17.0683689	7.28644562	8.38545895
402	958	2	17.0683689	8.18072319	8.38545895
5149	5393	2	17.068367	8.71959209	8.38546085
1670	6358	1	17.0658951	9.92624855	10.6430817
2897	9625	1	17.0634232	10.8428116	12.9007053
4913	7968	1	17.0582256	8.49309826	12.5781908
283	7249	1	17.0557537	8.06093979	14.8358116
2749	2899	1	17.0557518	7.65847778	14.8358135
5891	8060	1	17.0547523	8.83837128	7.41790581
2281	6276	1	17.0532799	10.7876263	17.0934372
3576	9062	2	17.044611	8.13421631	11.6106358
1952	8166	2	17.0411377	12.4457264	6.45035362
2124	3722	2	17.0344677	9.1628933	15.8033657
4050	6284	1	17.0218544	7.89510727	22.2537193
1648	6095	2	17.0208549	8.66093254	14.8358135
2510	8940	2	17.020853	8.28990173	14.8358145
2214	6888	1	17.0208511	7.03473282	14.8358126
3412	7911	2	17.0072403	9.12699318	13.8682623
2443	5099	2	17.0072384	10.4767218	13.8682623
3258	7358	2	17.0037632	10.9403076	8.70797634
2594	4759	1	16.9970951	5.36201382	18.0609894
1174	4387	2	16.9970932	8.64831734	18.0609894
3518	8273	1	16.9960938	9.53045177	10.6430817
2944	5173	1	16.9859524	7.60895729	14.8358107
2705	5276	2	16.9824772	10.0435572	9.67552853
1990	9068	2	16.9748116	7.58520985	11.6106367
4347	6223	2	16.9733334	7.58372784	21.2861633
1817	1830	2	16.9723358	7.92900467	13.8682585
2029	9620	2	16.9723358	8.77924728	13.8682594
2027	7011	2	16.9723358	10.1764908	13.8682585
4811	8668	2	16.9698658	9.13666916	16.1258812
4234	5386	1	16.9611969	9.36362648	10.6430855
2583	8716	2	16.9611969	5.68499947	10.6430836
6911	9290	1	16.9587231	10.4267426	12.9007082
6268	9399	1	16.9587212	6.61618233	12.9007072
1369	2872	1	16.9562492	9.67205811	15.1583309
7690	8387	2	16.9520531	9.06686211	22.2537155
889	1293	2	16.9485817	9.07700729	17.0934372
5593	9680	1	16.9475803	7.14190102	9.67552948
666	9023	2	16.9384403	7.20256138	21.2861671
6793	7037	2	16.9384384	8.16911316	21.2861671
3774	9505	2	16.9374352	9.44803715	13.8682613
540	5855	2	16.9364357	8.2156229	6.45035362
2379	7314	2	16.9248257	9.72304916	20.318615
3934	4510	1	16.9248238	7.02211475	20.318615
4014	5644	2	16.9238224	9.49555397	12.9007092
106	356	2	16.9238205	8.0745573	12.9007072
223	1060	1	16.9151497	8.4581995	7.41790676
7018	7173	2	16.9146805	9.28321171	24.5113392
401	6606	1	16.9136829	10.7754831	17.0934372
800	2342	2	16.9102097	9.3873806	11.9331532
437	5852	1	16.9035339	9.84383297	21.2861633
4958	6082	1	16.9025383	9.60372925	13.8682613
4143	8064	2	16.9025383	9.61487579	13.8682613
788	5301	2	16.9010639	9.05525398	23.5437889
3475	6918	2	16.9000664	10.259903	16.1258831
4503	5885	2	16.9000645	9.0183506	16.1258831
2017	8517	2	16.8913956	9.36462593	10.6430836
752	1793	2	16.8913956	10.3336468	10.6430836
2851	5100	2	16.8899231	9.17403507	20.3186131
3161	4507	1	16.8889236	9.31510735	12.9007072
2312	6466	2	16.8889236	10.3569403	12.9007072
1502	6796	1	16.8889217	8.66093254	12.9007072
4058	9459	1	16.8864517	8.07455444	15.15833
1788	5482	1	16.8864498	10.9296989	15.158329
7599	9556	2	16.8787823	6.79809952	17.0934372
121	5379	2	16.8787804	9.48293781	17.0934353
1851	9422	2	16.877779	9.91510201	9.67552853
713	3078	1	16.8651676	8.57752419	16.125885
4177	8459	1	16.8550224	8.79286003	20.3186111
3541	5401	2	16.8515511	8.81414986	15.1583328
1519	7315	2	16.8438816	5.61373234	17.0934372
5174	5517	1	16.8428802	6.61865711	9.67553139
2463	4864	2	16.8404064	10.081933	11.9331551
7327	8338	2	16.8379345	7.78693771	14.1907806
4660	6366	1	16.830267	9.06586647	16.1258831
820	4751	2	16.8302612	9.02949142	16.1258793
6612	6646	2	16.8292656	8.50571537	8.70797729
23	6641	1	16.8292637	7.8965807	8.70797634
796	5278	1	16.827795	10.1527348	18.3835106
653	6525	1	16.8166504	8.8864212	15.1583319
4988	8774	2	16.8166504	8.92131996	15.158329
8638	8847	1	16.8065109	9.3408699	19.3510628
4115	5822	1	16.8065109	7.86121368	19.3510609
1256	6343	1	16.8055077	6.42807102	11.9331532
956	2293	2	16.7928963	9.02949715	18.3835087
1404	3282	1	16.7918911	8.71858788	10.9655972
315	6103	1	16.7852211	8.30351067	20.3186111
1141	6243	1	16.7792797	10.499011	17.4159546
4131	7311	2	16.7782745	12.0271778	9.99804592
4181	9673	1	16.7716084	9.23616982	19.351059
2368	8766	2	16.770607	9.19879532	11.9331551
2757	9019	1	16.7681351	10.0445595	14.1907778
4973	8817	2	16.7681332	7.9178648	14.1907787
599	848	2	16.7579918	8.06194305	18.3835068
4187	7822	2	16.7569904	8.81461811	10.9656
2267	3566	2	16.7569885	10.6910629	10.965601
455	5155	1	16.7559891	8.40868378	3.54769325
2130	7696	2	16.7555161	7.98966503	20.6411266
990	7930	1	16.7468529	7.79808426	15.1583319
1341	3661	2	16.7357063	8.69482994	11.9331551
7715	9599	2	16.7332382	9.46065521	14.1907806
5926	7741	1	16.7332344	7.33101845	14.1907787
4694	7539	2	16.7317619	11.2623558	23.8663063
1827	3459	2	16.7230949	9.14927673	18.3835068
4258	5639	1	16.7210903	9.81954193	3.54769516
1564	2885	1	16.7119522	8.88889313	15.1583347
28	1583	1	16.7119503	2.65241432	15.1583319
6114	6201	1	16.7119484	4.00461388	15.1583271
1414	4793	2	16.7119465	10.1901016	15.1583309
3505	5649	1	16.708477	11.0833826	9.99804878
2440	6757	2	16.6983356	8.2913723	14.1907778
1420	3641	2	16.6983337	7.65500641	14.1907768
574	6511	1	16.6973324	8.47948456	6.77287102
6864	9669	1	16.6958637	5.01574326	16.4484024
3419	9603	2	16.6871929	9.32972717	10.9656019
6375	8065	1	16.6857185	7.10553169	20.6411304
5864	7242	2	16.6847191	9.80592918	13.2232246
435	5124	2	16.6805229	7.41071033	20.318615
1975	4940	2	16.6735764	10.4868612	9.99804688
1187	8341	2	16.6721039	8.09683704	19.6735783
2544	8340	2	16.6701012	6.75972652	4.83776474
940	6746	2	16.6532936	9.64109802	18.3835106
3245	3888	2	16.6512909	9.78216934	3.54769421
3946	4318	2	16.6512909	7.84953499	3.54769421
36	3629	2	16.6508179	10.0455589	20.6411285
1826	6981	1	16.6498222	7.10800552	13.2232265
4245	5175	2	16.6463451	5.81445885	8.0629406
40	1799	2	16.639677	9.85644531	17.4159546
1	6144	2	16.6285343	7.55030441	14.1907778
4790	5190	1	16.625061	9.4121418	9.03049564
2116	5189	2	16.6159248	9.17257309	20.6411324
6610	6730	2	16.6149216	8.32379913	13.2232256
467	4221	1	16.6124496	9.90495872	15.4808483
1283	8906	1	16.6114445	9.08815098	8.06293964
968	1096	2	16.6037769	7.71713829	9.99804878
1841	7591	2	16.6023083	8.87380981	19.6735764
8045	9336	1	16.6023064	9.2089386	19.6735802
2878	4968	2	16.5911636	5.78969955	16.4484024
6	6479	2	16.5800209	7.99214077	13.2232265
8411	9047	1	16.580019	9.30743694	13.2232237
1970	8209	2	16.580019	10.0198021	13.2232246
178	1655	1	16.5785484	8.19387054	22.8987541
2490	6903	1	16.5785465	9.02949142	22.8987522
2068	8184	1	16.5775452	9.39952278	15.4808445
1492	3445	2	16.5740757	9.01735115	10.3205652
2243	8029	1	16.5698757	7.20402908	17.4159546
2318	7728	1	16.5664024	9.9873724	12.2556705
4447	7926	1	16.5649319	8.85005093	21.9312
1683	4839	2	16.5562649	8.469347	16.4484024
1465	5321	1	16.556263	9.80645752	16.4484024
5870	9016	1	16.556263	6.6050396	16.4484024
2646	8569	1	16.5537949	9.33939934	18.7060261
2504	8810	1	16.5426483	6.72682953	15.4808483
1773	8952	2	16.5426483	8.38445663	15.4808483
2191	7618	1	16.5426445	5.92510319	15.4808474
678	7439	1	16.541647	7.56144905	8.06294155
2190	7576	2	16.5325089	7.86021233	19.6735802
1880	4616	1	16.5300312	6.6995945	21.9311981
2747	7889	2	16.5178871	6.84313965	11.2881184
2656	3947	1	16.5077477	10.2138615	15.4808445
9344	9374	2	16.5077457	9.11537933	15.4808493
224	616	1	16.5067444	9.68861103	8.06293869
3558	9458	1	16.4976063	8.36217213	19.6735783
2959	9180	2	16.4966049	10.4777241	12.2556725
2398	8693	2	16.494133	10.0344191	14.5132961
1311	4600	2	16.4916592	7.37086678	16.7709179
3881	4783	2	16.4839916	8.04065609	18.7060261
1312	6131	1	16.4805145	10.4990101	13.545743
4641	4653	1	16.4728489	9.59258366	15.4808483
97	2542	2	16.472847	8.88742065	15.4808483
3454	6429	2	16.4718456	8.83937454	8.0629425
6732	7538	1	16.4703751	10.5465221	17.7384682
1671	4523	2	16.4617062	4.99739647	12.2556734
37	9576	1	16.4592342	8.81662369	14.5132961
3350	8594	2	16.4592323	7.12162018	14.5132961
6527	7272	2	16.458231	10.2715187	7.09538841
7743	8731	2	16.4567585	7.76417923	16.7709198
6452	7415	1	16.455761	10.8554249	9.35301399
8589	9025	1	16.4480896	8.62603188	11.2881174
2610	3370	1	16.4466133	9.60125542	20.9636459
5284	6137	1	16.4456158	8.31365585	13.545742
755	3848	1	16.4431438	8.93493557	15.8033657
1750	7788	2	16.4354763	7.9188652	17.7384739
1144	4432	2	16.4354763	8.12059116	17.7384682
175	1547	1	16.4243336	7.16913319	14.5132971
1922	7569	1	16.4218636	9.71190453	16.7709217
1015	8035	2	16.4218578	9.79431248	16.770916
7837	8495	1	16.4107151	5.79317284	13.545742
1633	5779	1	16.408247	8.81414986	15.8033648
5141	8059	2	16.4020481	7.81316376	8.0629425
7764	8562	1	16.4020462	9.80940247	8.0629425
2127	3672	1	16.4005775	8.91365242	17.738472
5955	6159	2	16.3995743	8.64879036	10.3205643
2624	5576	1	16.3995743	8.50424957	10.3205681
1241	4352	2	16.3995743	6.92655182	10.3205662
4495	7100	2	16.3995743	9.3524828	10.3205652
2752	5990	1	16.3981056	5.85283089	19.9960918
7226	8857	1	16.3971004	9.138134	12.5781898
2183	2580	2	16.3859577	10.0809278	9.35301208
3323	4567	1	16.3768177	9.57996941	20.9636459
264	572	2	16.3768158	4.65731525	20.9636478
2389	2932	2	16.3758183	7.02111435	13.545742
2593	7993	1	16.3758163	9.18418121	13.545742
1699	2614	2	16.3758163	7.60996437	13.545743
2030	5346	1	16.3743496	8.21515656	23.2212753
1243	7587	1	16.3733463	9.84136295	15.8033686
2993	6840	1	16.3723431	7.51193428	8.3854599
3591	8508	2	16.3646755	9.62848473	10.3205662
2098	9283	2	16.363205	8.08670139	19.9960938
3006	7631	2	16.3622017	7.08224106	12.5781898
8206	8737	1	16.3520622	6.82038689	16.7709217
8368	8899	1	16.3520603	8.49410248	16.7709198
4732	4992	2	16.3510551	8.17057991	9.35301018
342	4305	1	16.3419228	9.01835251	20.9636497
1988	5883	2	16.3409176	7.5478344	13.545743
71	6676	1	16.3307762	6.64241028	17.7384758
607	950	2	16.3307743	6.52262592	17.738472
6523	7935	1	16.3297749	7.5366888	10.3205662
3520	5574	1	16.3283043	6.05456066	19.9960938
4085	5103	1	16.3273029	9.90048981	12.5781898
263	2136	1	16.327301	5.78202724	12.5781908
462	2205	1	16.3171616	5.99390221	16.7709198
5901	8352	2	16.3171597	8.2539959	16.7709179
1705	9593	2	16.3161583	6.16420746	9.35301208
2444	6716	1	16.3146896	7.50032234	19.0285435
1088	6291	2	16.3070164	8.80500698	20.9636459
1781	4680	2	16.3035469	10.079463	15.8033638
4852	9684	1	16.2924004	9.85644531	12.5781898
4427	7304	2	16.282259	8.06193733	16.770916
5944	9479	1	16.2797852	10.0470295	19.0285378
1797	4308	2	16.2676468	9.05472374	8.3854599
6186	7141	1	16.2651711	9.78317261	10.6430836
4632	9080	2	16.2550316	8.67107105	14.8358107
1054	7083	1	16.243885	7.39361572	11.6106348
3615	4737	2	16.2362175	9.50149918	13.545742
456	5028	1	16.2337475	9.54407215	15.8033657
4892	5095	2	16.2327423	5.67385197	8.3854599
532	1597	2	16.2312756	6.53377056	18.0609894
2647	5618	1	16.2312737	9.79431534	18.0609856
5956	9076	2	16.2312717	6.93769455	18.0609875
2636	2817	2	16.2302742	8.45573044	10.6430798
1856	2764	2	16.2302704	9.96114826	10.6430817
255	1770	2	16.2236061	5.74566078	19.9960938
3333	7220	2	16.2226028	9.32972431	12.5781898
4424	6309	2	16.2201309	8.55276299	14.8358145
1485	3500	1	16.220129	8.7918644	14.8358135
2395	9513	2	16.2191296	8.74334717	7.41790581
7610	8182	1	16.2176571	8.47948647	17.0934353
2555	6068	2	16.2089863	7.2267828	11.6106358
1362	3480	2	16.2075138	10.0106602	21.2861671
669	4698	2	16.2065144	8.92131996	13.8682613
2717	3767	1	16.196373	8.08817005	18.0609894
4916	8432	2	16.1953716	7.59634972	10.6430836
1239	5232	1	16.1852303	8.08716869	14.8358126
2177	8890	2	16.184227	5.50802612	7.41790295
1803	4139	2	16.1827545	8.43196774	17.0934353
1616	8818	1	16.1750851	7.33595943	19.0285397
2334	3527	1	16.1740875	5.89934731	11.6106367
3366	5526	2	16.1726131	6.79662895	21.2861652
3726	8480	2	16.1716137	8.55275726	13.8682585
400	9026	2	16.1691399	7.33101654	16.1258831
6660	8744	2	16.1513309	8.98445034	22.2537193
6637	6975	1	16.1503296	7.93000793	14.8358135
2740	9443	1	16.1503277	6.97607231	14.8358097
277	4388	2	16.1468563	3.05734348	9.67552757
4492	9450	2	16.1377182	8.49263191	21.2861671
5199	9616	1	16.1377182	6.41444778	21.2861652
1045	9472	2	16.1367168	7.513937	13.8682623
2063	6012	1	16.1367149	8.85152149	13.8682613
4798	5953	2	16.1265755	8.34955597	18.0609894
5081	5562	1	16.1265717	8.07555771	18.0609913
3028	7221	1	16.1240997	9.06439209	20.318615
7427	9142	2	16.1144295	6.36741257	7.41790771
1152	5980	1	16.1144257	8.3398819	7.4179039
4091	9094	2	16.1094856	10.2225399	11.9331541
1554	6674	2	16.1018143	6.77334023	13.8682613
1664	3624	1	16.0892029	9.74680519	20.3186131
7342	8791	1	16.0881977	6.76072788	12.9007072
1534	3705	1	16.0770588	9.06833935	9.67553139
5951	6024	1	16.0755863	10.2735233	19.3510571
3557	7476	2	16.0731125	8.096838	21.6086845
8	5472	1	16.0669174	9.07948017	13.8682594
3614	4135	2	16.0669136	8.3262682	13.8682594
6968	8662	1	16.0644436	8.67107391	16.1258831
2204	4981	2	16.0644417	8.48149109	16.1258831
2133	7223	2	16.0644398	9.2463131	16.125885
7903	8452	2	16.0634403	9.04110336	8.70797729
4766	6183	2	16.053299	8.71958828	12.9007072
65	7261	2	16.0522995	8.61141777	5.48280048
2875	2998	2	16.0508251	7.01097298	15.1583319
211	4628	1	16.0498276	9.17303944	7.74042702
3038	6537	1	16.0406857	9.43689728	19.3510571
621	4712	2	16.0396843	8.63370228	11.9331541
6414	6867	2	16.0396824	9.23269272	11.9331541
4482	6488	2	16.0295448	7.9087286	16.125885
2325	2719	2	16.0295448	7.8243103	16.125885
2537	5867	2	16.0285435	9.01634502	8.70797729
1247	4194	1	16.0260696	10.8927975	10.9656019
2806	2867	1	16.0194016	8.5911274	20.3186073
2015	6113	1	16.0159283	7.25007439	15.1583309
4170	5222	1	16.0159225	9.12552357	15.1583281
3536	9167	1	16.0047874	6.41445541	11.9331541
686	8881	2	16.0047836	7.90772152	11.9331532
7899	7928	2	16.0047817	6.64241219	11.9331493
1566	9312	2	15.9946451	7.40676785	16.125885
1167	2802	2	15.9946404	8.16910934	16.1258831
8796	9049	1	15.9921694	7.64486217	18.3835087
492	2270	2	15.9921684	5.79417706	18.3835068
5751	7259	2	15.991169	8.76563358	10.9656
2310	5846	1	15.9835033	7.77826977	12.9007072
7187	7615	2	15.9572697	4.66993427	18.3835068
2673	8008	2	15.9572697	8.67207718	18.3835049
2567	6973	1	15.9485989	9.15174961	12.9007072
1240	2341	1	15.9471264	7.04687119	22.5762367
1028	1266	2	15.9461288	7.08324718	15.158329
1745	5299	1	15.946126	7.55897713	15.1583319
594	2952	1	15.9451275	9.39952755	7.74042511
2378	3380	1	15.9426556	9.27006531	9.99804783
7204	7209	1	15.9349852	6.4023056	11.9331541
2967	6022	1	15.9339838	8.73220253	4.51524639
3723	4406	2	15.9325142	9.42328262	14.1907797
6124	8991	1	15.9325123	7.80922318	14.1907778
3873	4994	1	15.9238415	6.91541004	8.70797729
3897	6522	2	15.9112282	8.21662712	15.15833
7505	8030	1	15.9102287	8.54162216	7.74042416
7383	8587	2	15.9087582	6.05456543	17.4159546
2685	7698	2	15.907752	9.10076714	9.99804688
3022	6530	2	15.8976116	6.1753521	14.1907787
3414	9449	2	15.8976116	6.56913948	14.1907787
5879	6990	2	15.8951378	6.44834805	16.4484005
3328	6772	2	15.8874712	8.71711636	18.3835087
6915	8444	2	15.8864708	6.0919342	10.9655991
1505	9626	1	15.8849974	9.15028	20.6411285
682	5733	2	15.8849945	7.93000698	20.6411285
3908	8069	1	15.874856	7.71666622	24.8338547
6097	9091	1	15.8738565	8.57504654	17.4159546
5153	5894	2	15.8738518	9.71089745	17.4159508
2770	3090	2	15.8728552	9.04210854	9.99804878
535	833	2	15.8617125	5.85430527	6.77287102
1526	2652	1	15.8525715	7.9436264	18.3835068
7459	7839	2	15.8515701	6.22386742	10.965601
4284	8251	1	15.8515682	9.48440838	10.965601
1967	4136	1	15.8515673	5.26892281	10.965601
482	6392	1	15.8490953	7.64386654	13.2232256
1811	7807	1	15.8480988	8.40868568	5.80531979
481	1820	2	15.836483	7.33348751	19.6735764
7003	8565	1	15.8278151	6.64240742	14.1907768
952	7418	2	15.8263378	7.01197338	23.8663063
6628	7619	2	15.8253412	9.26759434	16.4484024
8778	9242	2	15.8253393	7.67976665	16.4484024
5976	5999	1	15.8228645	7.77532196	18.7060261
1274	5111	1	15.815197	6.24862289	20.6411285
4563	7496	1	15.8141975	8.5886631	13.2232246
604	7125	2	15.8141966	7.2389307	13.2232246
2476	4885	2	15.8141956	7.84659386	13.2232246
6688	7577	1	15.8040562	8.71959019	17.4159527
2564	3923	2	15.8030548	8.23024082	9.99804878
3260	9146	1	15.8015842	5.9134903	19.6735783
3580	7060	1	15.7929125	8.92132092	14.1907759
2410	6929	1	15.7904415	7.89511299	16.4484024
6046	6727	2	15.7904396	9.06686401	16.4483986
4186	6695	1	15.7904387	8.64731884	16.4484024
1370	8788	1	15.7894392	2.95017147	9.03049469
6702	9298	1	15.7894373	8.12206459	9.03049469
5708	8898	1	15.7802982	8.0158968	20.6411285
5483	6330	2	15.7802963	2.80663204	20.6411285
464	4586	2	15.7792978	6.98868656	13.2232246
5572	9667	2	15.7792959	5.50655746	13.2232246
1905	7800	2	15.7778234	5.7815609	22.8987541
4889	7123	2	15.7666836	7.20256233	19.6735783
4282	9442	1	15.7666798	8.53913784	19.6735764
3440	7722	1	15.7666779	6.88104057	19.6735764
1959	8862	1	15.7656813	6.59389496	12.2556715
427	3382	1	15.7656813	9.55768585	12.2556725
4784	6382	2	15.7555389	7.32581997	16.4484024
4073	6872	1	15.7545414	9.6846714	9.03049469
3971	8630	1	15.7545414	7.34510326	9.03049564
2667	5242	1	15.7545395	5.61373329	9.03049469
4336	8108	2	15.7520685	10.0819368	11.2881165
3334	5218	1	15.7443991	6.11569405	13.2232256
3735	5621	1	15.7307816	5.5429287	12.2556705
3858	9020	2	15.720644	8.31365871	16.4484043
2002	7708	2	15.7196426	8.13568401	9.03049374
5202	6148	1	15.7196388	8.30251408	9.03049469
7372	8576	2	15.7070255	7.57506657	15.4808502
1639	3222	2	15.7060251	7.93247938	8.06293869
2577	4114	2	15.7035513	9.90396309	10.3205633
416	6155	1	15.6968832	5.88773155	19.6735764
3403	7627	2	15.6934137	9.76956081	14.5132952
8291	8837	1	15.6934109	9.61734676	14.5132961
1621	8911	2	15.693409	9.76808357	14.5132952
1530	1752	2	15.6924105	8.14335346	7.09539223
1902	4405	1	15.6857424	7.69337988	16.4484043
3936	9697	1	15.6731253	7.28845024	22.8987522
1663	2450	2	15.672123	7.33348656	15.4808483
7138	9098	2	15.6686525	8.67107773	10.3205643
3506	7310	1	15.6585102	5.73204422	14.5132942
1591	5447	2	15.6585102	7.87382507	14.5132942
5712	8133	2	15.6575089	4.47834492	7.09538937
3550	5380	2	15.6483679	7.3087244	18.7060223
649	3838	2	15.648365	8.49263	18.7060223
1604	8794	2	15.6473665	4.87413788	11.2881203
2813	5387	2	15.6448946	8.98097801	13.545742
2286	4192	1	15.6448936	8.83790398	13.545742
1089	8025	2	15.6438942	8.9576931	6.12783623
6224	8250	1	15.6236115	7.5988245	14.5132961
1726	5298	1	15.6236086	5.67238331	14.5132961
6559	8183	2	15.6211376	4.31351852	16.7709198
1134	1377	1	15.6109972	9.36462593	20.9636478
1619	3626	2	15.6109943	5.32958508	20.9636459
2047	5859	2	15.6099939	6.01866055	13.545743
639	3052	2	15.609993	7.4891758	13.5457439
6363	6877	2	15.6013241	7.74089336	8.06294155
4349	7528	1	15.5998526	5.74565983	17.738472
4919	9410	2	15.5998507	6.90380192	17.7384739
870	7535	2	15.5988503	7.95624065	10.3205662
269	9573	1	15.5973816	7.84759712	19.9960976
2080	5389	2	15.5887108	7.39314556	14.5132952
3150	3725	1	15.5887108	6.93103027	14.5132961
220	9036	1	15.586237	6.28352261	16.7709198
6171	7787	1	15.586236	8.63370132	16.7709198
354	2928	2	15.5852365	8.47948456	9.35301208
445	9048	1	15.5750942	5.80431652	13.545743
3622	6643	2	15.5726194	7.26121616	15.8033667
3388	5645	2	15.5649538	7.72928286	17.738472
2221	6611	1	15.5649529	7.91986132	17.738472
8612	9612	1	15.5614796	8.83690262	12.5781918
2478	3894	1	15.5513372	5.9600029	16.7709198
778	8769	1	15.541193	5.51917076	20.9636459
1076	5706	1	15.5401974	8.6134243	13.5457411
2488	2978	1	15.5377235	6.30380726	15.8033657
767	2658	1	15.5377226	7.64586926	15.8033667
162	1145	1	15.5377216	8.5042429	15.8033648
4617	8446	1	15.5342474	9.24383736	10.6430817
2509	7292	1	15.5290518	7.88396645	10.3205662
2609	7625	2	15.5275736	7.19141006	19.9960957
5500	5834	2	15.5265799	8.39954567	12.5781898
3737	5815	1	15.5265789	7.67976284	12.5781898
1751	9431	1	15.5265751	3.34596348	12.5781879
2277	8332	2	15.5189075	7.57259274	14.5132933
908	6121	2	15.5164375	6.96245766	16.7709198
2233	5223	1	15.5164356	9.10176277	16.7709198
2217	5258	1	15.5154362	7.59882259	9.35301113
2260	3108	1	15.5062952	7.53768969	20.9636459
5416	8784	1	15.5052948	5.74465847	13.545742
5594	6423	1	15.5038242	6.9285593	23.2212696
4375	8283	1	15.5038233	8.22977257	23.2212715
361	8161	1	15.5028219	7.237463	15.8033657
1812	4494	2	15.5028191	7.38200665	15.8033638
3456	4239	1	15.500351	5.89887333	18.0609894
6478	8986	2	15.4941502	7.0686245	10.3205633
4330	4457	2	15.4926796	7.82283688	19.9960938
5233	5687	2	15.4926777	8.56490326	19.9960957
5390	5445	2	15.4780645	7.83544731	11.6106348
664	8846	1	15.4689217	9.48394394	23.2212715
1487	9128	2	15.4679222	6.30480766	15.8033657
275	6753	1	15.4679222	7.43052006	15.8033638
4836	9641	1	15.4592505	5.53278255	10.3205662
2	6982	2	15.4577789	4.68107414	19.9960938
4560	7897	1	15.4543066	8.76663589	14.8358135
1682	9657	1	15.44664	8.37331581	16.7709198
1691	8507	1	15.4466362	7.62110662	16.7709179
7436	9584	2	15.4441671	8.44412041	19.0285435
6533	9678	2	15.4441662	6.91594601	19.0285416
1317	2625	1	15.4431648	10.5814209	11.6106348
3531	4922	2	15.4416904	7.57258892	21.2861671
4384	7352	1	15.44069	5.69714642	13.8682594
4413	6553	1	15.4330244	7.03472996	15.8033676
3215	7521	2	15.4330235	8.35103035	15.8033676
915	6951	1	15.4330235	3.33335209	15.8033667
1635	7548	1	15.4330225	6.37955284	15.8033676
4154	6800	2	15.4330215	6.81071472	15.8033657
785	2623	1	15.4330168	6.96492958	15.8033638
830	1528	2	15.4295492	8.65746117	10.6430817
541	9618	2	15.4218807	6.02213573	12.5781908
1872	4802	2	15.4218788	7.9188633	12.578186
376	6664	1	15.419404	7.43052483	14.8358078
436	4637	2	15.4184027	8.79186058	7.41790581
926	4631	2	15.4092655	5.80778694	19.0285378
941	7271	1	15.4067945	4.64617634	21.2861671
85	8518	1	15.4057884	5.80331135	13.8682594
3596	3604	2	15.3981237	6.94117451	15.8033638
4019	8839	1	15.3981218	7.62010288	15.8033667
3909	8914	2	15.3971214	9.10223389	8.38545895
3982	7343	2	15.3946486	7.87035036	10.6430817
6942	8198	2	15.3946476	6.19910622	10.6430826
4970	8874	1	15.3897047	9.81660271	15.1583281
580	4028	2	15.386981	4.90903473	12.5781898
2737	7579	1	15.3855076	5.54393005	22.2537174
327	4182	1	15.3845062	6.546381	14.8358078
2203	6771	1	15.3845024	8.65992355	14.8358097
2095	3710	2	15.3835058	2.33903503	7.41790485
2795	3534	2	15.3820381	8.74187756	17.0934372
4692	8999	2	15.3820381	8.88642311	17.0934372
148	5107	2	15.3743687	5.13552475	19.0285416
30	5683	1	15.3743687	3.8353157	19.0285454
4118	9323	1	15.3743658	5.56621647	19.0285397
5315	8844	1	15.3743649	7.66962051	19.0285416
6296	7085	1	15.3718967	8.22977543	21.2861691
4364	8445	2	15.3607512	7.81169605	18.0609894
2264	9435	1	15.3607512	5.28006744	18.0609913
2399	5995	2	15.3607502	5.1830368	18.0609894
1896	5682	2	15.3607502	7.30726051	18.0609894
1649	8032	2	15.3572769	6.69959927	12.9007063
1911	6689	1	15.3562775	9.76855564	5.48280144
1951	8654	2	15.3496065	5.8664465	14.8358126
1170	6854	1	15.3496037	8.17158222	14.8358088
9244	9521	2	15.3486023	9.44704247	7.41790676
1384	9550	2	15.3359947	7.69091177	13.8682604
7857	9631	1	15.3359919	8.6993103	13.8682594
3786	7674	1	15.3359909	6.42559433	13.8682575
4202	5397	2	15.3359909	8.54161549	13.8682604
1938	9375	2	15.3268499	7.16518688	25.4788971
3895	3980	1	15.3248501	8.37478447	10.6430817
4576	9637	2	15.3248491	6.00852203	10.6430836
4196	5827	1	15.3147087	6.97607327	14.8358135
1570	4665	1	15.3147058	7.18027401	14.8358135
1346	2404	2	15.3137054	9.18565178	7.41790771
1675	6895	2	15.3122377	6.51148415	17.0934372
186	2407	1	15.312233	5.12438107	17.0934372
701	8211	1	15.3112326	9.31510544	9.67552948
4052	6534	2	15.3010931	8.22776985	13.8682594
6188	6880	1	15.3010912	6.21025085	13.8682594
2028	4803	1	15.2986193	4.90656185	16.1258831
4261	6128	1	15.2986193	8.79039574	16.125885
7053	8233	1	15.2909527	5.84416199	18.0609894
5763	8248	2	15.2909489	3.90658569	18.0609894
5478	7323	1	15.2874775	7.64486456	12.9007072
630	8944	2	15.2874775	5.86297321	12.9007092
3093	7611	1	15.2773352	7.41690445	17.0934372
8104	8254	2	15.2773314	9.49655437	17.0934353
8052	8903	2	15.2753315	7.66909122	2.25762272
723	3023	2	15.2671928	8.14782619	21.2861633
6094	6259	2	15.2661924	8.51786041	13.8682613
5455	8386	1	15.2647209	7.16518974	23.5437908
7493	8816	2	15.2637186	8.06194115	16.1258831
6891	7990	1	15.2602472	8.04879379	10.9656029
3670	8234	2	15.2535791	5.3387289	20.3186111
2471	4207	2	15.2535734	7.93001175	20.3186073
3168	6405	2	15.2511072	7.66714811	22.5762405
4716	6819	1	15.2424374	7.1666584	17.0934353
2447	4691	2	15.2414341	6.65502453	9.67553234
3817	7838	2	15.2399635	7.50132322	19.351059
2983	3319	2	15.2399626	6.85528088	19.3510628
344	3355	1	15.2312946	8.44559097	13.8682594
2751	4104	1	15.2312927	8.00375175	13.8682575
6685	7351	1	15.2312927	7.70452404	13.8682623
4819	7479	1	15.2288237	4.93626308	16.1258869
758	5136	2	15.2288189	6.59389591	16.125885
2045	8075	1	15.2288189	8.34855461	16.125885
851	3636	2	15.2278204	8.13421535	8.70797729
5138	6779	1	15.2278175	7.29658747	8.70797729
1204	1265	1	15.226346	6.49539375	18.3835068
2507	8623	2	15.2176733	8.56637383	12.9007072
2969	3425	1	15.2075386	8.61242008	17.0934372
670	6314	1	15.2075357	6.2364769	17.0934372
1200	3347	1	15.2065353	6.78448296	9.67552757
519	631	1	15.2040625	5.41200256	11.9331551
325	1232	2	15.2040615	8.75696754	11.9331532
1794	4946	1	15.2040606	9.48541546	11.9331541
6211	8496	1	15.202589	8.63717556	21.6086845
865	6683	1	15.1939201	7.25107908	16.125885
454	1968	1	15.1914511	8.10945702	18.3835106
2193	7602	1	15.1827784	6.60851574	12.9007072
139	1700	2	15.1691628	6.84414387	11.9331541
250	2612	1	15.1691608	6.9998312	11.9331541
5908	9482	1	15.1691608	7.3698597	11.9331551
1101	3493	2	15.1691608	4.98130894	11.9331551
2976	7460	1	15.1676855	6.34317684	21.6086845
7416	7637	2	15.1666889	8.5629015	14.1907759
2769	6970	2	15.1590233	8.32480145	16.125885
2918	7654	1	15.15802	6.55799484	8.70797729
7213	8787	2	15.1580191	5.67485809	8.70797729
7547	8322	1	15.1555462	8.68368721	10.965601
2051	2712	2	15.1454067	6.44935513	15.1583328
1057	1198	1	15.1454	8.06340694	15.15833
2460	3128	2	15.1444054	8.98245049	7.74042416
2787	6473	1	15.1429367	8.27482033	17.4159546
3879	9551	1	15.1342621	7.45327425	11.9331532
2132	3549	2	15.1342602	7.67976189	11.9331551
7184	7710	2	15.1327877	6.42559147	21.6086807
2616	8099	1	15.1317911	6.51048565	14.1907816
27	3483	1	15.1317902	7.7879405	14.1907778
718	8945	2	15.1307859	7.27283382	6.77287102
4873	6920	1	15.1241217	9.11885357	16.1258812
3460	8801	1	15.1216497	6.97607613	18.3835087
2261	8723	2	15.1206484	6.94017029	10.965601
5125	8255	1	15.1206484	6.3795557	10.965601
313	8557	1	15.1206446	6.80823803	10.965601
605	4197	1	15.1105061	6.24615288	15.1583271
765	1963	1	15.1105042	8.94854927	15.1583319
266	5246	1	15.1095047	7.51293564	7.74042368
3839	5589	2	15.1095028	6.36493206	7.74042416
299	3198	1	15.0978918	7.42905235	21.6086845
1719	8270	2	15.0968895	6.10207272	14.1907768
1513	9232	1	15.0832748	7.41590071	13.2232246
78	8747	1	15.0832729	7.19141865	13.2232246
1815	7894	1	15.0780754	6.96639919	12.9007063
2137	6443	2	15.0756054	7.04834366	15.1583309
7739	8281	1	15.0746031	6.37854958	7.74042368
7373	7978	2	15.0731335	9.42528725	17.4159546
256	2315	2	15.0731306	6.12683487	17.4159546
3610	7841	1	15.0711298	7.86935234	2.58014107
5724	9661	2	15.0619907	7.5027957	14.1907768
1703	3197	1	15.0493755	7.73942327	20.6411324
4458	8287	2	15.0382309	6.76172829	17.4159546
997	2657	2	15.0347605	8.51438904	12.2556705
1733	8674	1	15.0270939	8.07455063	14.1907768
5623	7316	2	15.0270901	4.24124432	14.1907768
1365	1527	2	15.0270853	7.88396454	14.1907768
3208	8828	2	15.0246143	7.0221138	16.4483986
4827	5248	2	15.0169449	5.65110207	18.3835068
259	5250	2	15.0134754	1.29006958	13.2232246
4647	7241	2	15.0134754	7.70352173	13.2232246
8399	8601	1	15.0134745	8.14682674	13.2232256
2110	3680	1	15.0110035	8.47801495	15.4808493
1501	8624	1	15.005806	6.33598423	15.1583309
4876	6546	1	15.003334	5.90382195	17.4159546
1378	5884	1	15.0033331	5.13652706	17.4159546
5256	7983	1	14.9998589	5.95900154	12.2556705
5324	5565	2	14.9921913	7.14437532	14.1907787
7977	8111	2	14.9897175	6.9037981	16.4484005
965	4875	2	14.988718	7.42852211	9.03049564
5185	5922	1	14.9887171	8.62402916	9.03049469
173	7065	2	14.9887171	8.03865242	9.0304966
2711	6505	1	14.9761028	7.03573704	15.4808483
2296	2582	2	14.9761028	8.13173866	15.4808483
2874	6316	2	14.9751024	7.52307558	8.0629425
3248	6436	1	14.9684353	7.22879028	17.4159546
6761	7917	2	14.967432	6.76219368	9.99804878
6011	8130	1	14.9664316	8.33741665	2.58014011
7396	9304	1	14.9659586	6.29266167	19.6735764
6480	8631	1	14.9649611	6.8441391	12.2556725
1137	5597	1	14.9649591	6.10207462	12.2556725
3508	6123	1	14.9634876	8.22877026	21.9312038
5658	8730	2	14.9614849	8.16811371	7.09538698
3788	7295	2	14.9446735	7.3460989	20.6411304
1234	4374	1	14.9436779	7.47656441	13.2232237
3091	4868	1	14.9426737	6.52162457	5.80531788
8675	9491	2	14.9412022	9.07700348	15.4808483
1940	4138	2	14.9412022	5.2189436	15.4808483
3578	4883	1	14.9402008	7.92134428	8.0629425
855	6669	1	14.9310627	6.88004684	19.6735802
1025	1071	1	14.9310627	7.28597975	19.6735802
3262	5514	2	14.9310608	6.65208244	19.6735764
6257	8856	2	14.9300613	4.55162048	12.2556725
6083	8972	1	14.9300594	6.27238178	12.2556725
83	5616	1	14.9300594	6.73497105	12.2556715
1669	7026	2	14.9275856	5.37562561	14.5132971
797	8992	1	14.9199181	7.19388723	16.4484005
7129	9039	1	14.9199171	7.16766071	16.4484024
1658	3373	1	14.9189196	7.27383327	9.03049564
8883	9502	2	14.9189186	7.93395472	9.03049564
3106	6698	1	14.9063053	6.09440899	15.4808502
6398	7954	2	14.9063015	6.90627098	15.4808464
6804	8320	2	14.8961582	4.70830631	19.6735764
5291	9254	1	14.8951607	8.02603912	12.2556725
7526	8978	2	14.8850155	5.09048176	16.4483986
4320	8132	2	14.8850145	3.13161659	16.4484005
5633	9489	2	14.884016	6.48572159	9.03049564
2591	4921	2	14.8825455	5.70828819	18.7060261
1279	4791	2	14.8805408	8.56290054	3.87021255
419	7097	2	14.8714027	3.88382721	15.4808464
1097	5161	1	14.8713989	5.66124153	15.4808483
7346	8177	1	14.8689318	9.36462402	17.738472
1195	3885	2	14.8689289	7.11814213	17.738472
2439	5551	2	14.8679304	8.92032051	10.3205652
4461	5610	1	14.8476458	7.80155325	18.7060261
4162	8863	2	14.8466434	8.38345432	11.2881174
5637	5794	1	14.8466425	5.41346836	11.2881184
793	2075	1	14.845644	7.19188595	3.8702116
970	1581	1	14.8441734	4.04718208	13.5457439
651	4069	1	14.836504	6.64241409	15.4808445
3718	5820	2	14.836504	6.39317131	15.4808493
5801	7041	2	14.8365021	6.12830257	15.4808483
4752	6649	1	14.8355026	8.73220348	8.0629425
2352	6925	1	14.8354988	3.85806751	8.0629406
1736	4076	2	14.8340311	4.91871071	17.738472
4029	7858	2	14.8228874	8.21909904	14.5132952
5296	7240	2	14.8228865	5.80678844	14.513298
7573	9512	2	14.8117447	7.4295187	11.2881203
499	9113	2	14.8102741	7.62211132	20.9636497
2873	6896	2	14.8092728	6.13944626	13.5457411
2696	3343	1	14.8006039	4.95755577	8.06294346
4838	7628	2	14.7991304	3.26007652	17.7384739
807	2753	2	14.7956572	6.43673992	12.5781898
202	3301	1	14.7879896	7.09586048	14.513298
163	658	1	14.7855148	4.58652115	16.7709198
6560	7859	1	14.7743721	5.45804405	13.5457392
237	2500	1	14.7743721	6.78201199	13.545743
9191	9524	1	14.7743702	9.1765089	13.5457439
984	6862	2	14.7743683	6.36593723	13.5457401
2807	6545	1	14.7632284	7.47803068	10.3205643
2427	8127	1	14.7607584	5.63995743	12.5781898
4034	4521	2	14.7607546	7.40576077	12.5781889
612	5194	1	14.7506151	6.48425198	16.7709198
219	9529	2	14.7491398	4.5835743	26.4464455
2985	8043	2	14.738472	6.21172142	6.12783623
1281	5805	2	14.7293301	7.0594883	17.738472
1024	9255	2	14.7293262	6.48672009	17.7384701
6184	8538	1	14.7283306	5.03996372	10.3205662
1731	1853	2	14.7268591	7.06048965	19.9960976
1406	3954	1	14.7268581	7.52508068	19.9960976
698	7904	1	14.7181873	5.32858372	14.5132961
579	8894	1	14.7147141	7.19041777	9.35301304
1850	6163	2	14.7045736	6.81938362	13.5457439
4071	7873	2	14.7045736	7.53769302	13.5457449
1823	3026	2	14.7045727	4.4692049	13.5457439
3452	6770	1	14.7020979	5.36595726	15.8033667
4044	9073	2	14.7010984	7.18941164	8.38545895
6653	7132	1	14.6944313	7.0008316	17.7384739
5364	7934	1	14.6934299	6.68845558	10.3205662
3381	8268	2	14.6934299	5.79417515	10.3205662
5381	7776	1	14.6934299	7.50178957	10.3205681
6904	9308	2	14.693429	6.47558022	10.3205662
8685	9317	2	14.6919584	2.93856049	19.9960976
677	8227	1	14.6899567	9.68614101	5.16028118
1884	7543	2	14.6808167	7.8116951	16.7709198
1795	2391	2	14.6783409	6.60503483	19.0285416
4583	5718	2	14.6773405	7.31987572	11.6106377
5142	8975	1	14.6696692	7.95476437	13.545742
2041	7124	1	14.6686716	5.94886208	6.12783623
1684	3890	1	14.667201	8.57504654	15.8033676
5558	8488	1	14.6671982	6.33103848	15.8033657
4198	5910	2	14.6560583	3.29745007	12.5781918
8707	8997	1	14.6560574	5.71076012	12.5781879
131	5736	1	14.6545897	7.40429115	22.2537212
3674	6182	1	14.654583	5.67438793	22.2537155
3917	7057	2	14.6459169	6.1763525	16.7709141
2119	6963	2	14.6332989	2.9647913	23.2212696
6239	7809	2	14.6323004	8.39707279	15.8033667
2759	7307	2	14.631299	5.2305479	8.3854599
1108	4371	1	14.62216	5.13899899	19.9960938
2825	5430	1	14.6211576	7.14190006	12.5781889
2811	6857	1	14.6211567	7.09685898	12.5781898
3782	7146	1	14.6211548	6.34364986	12.5781898
6655	7612	1	14.6201553	6.11816406	5.16028214
3783	7294	2	14.6196852	5.25731182	22.2537193
2829	6934	2	14.6176825	5.53178596	7.41790676
3763	5216	1	14.6085434	7.82284021	19.0285454
394	5540	2	14.607542	5.92410183	11.6106377
5626	6348	2	14.6008739	7.29959202	20.9636497
5148	6728	2	14.5974007	7.50031853	15.8033657
3443	8966	1	14.5973969	6.5802784	15.8033628
1536	3104	1	14.5949259	6.09293652	18.0609894
6739	7744	1	14.5939274	1.20564842	10.6430817
3160	8974	2	14.5939217	5.00505733	10.6430798
360	5513	1	14.5862589	2.89151764	12.578187
3133	9665	2	14.5837879	7.44065952	14.8358116
1408	5492	1	14.583787	7.58373785	14.8358154
689	6091	1	14.5837841	7.52654743	14.8358126
3470	8703	1	14.5736456	6.52162361	19.0285416
6229	6950	2	14.5736427	8.05327129	19.0285416
5147	5643	2	14.57164	5.18203545	4.192729
4575	5811	2	14.5711699	8.2074852	21.2861633
3535	5900	2	14.5701704	5.6849966	13.8682575
247	1435	2	14.56003	7.13176203	18.0609913
2607	3261	1	14.5600281	6.23500919	18.0609932
4909	7409	1	14.5600262	5.08700848	18.0609875
4938	6331	1	14.5590277	6.3198967	10.6430836
3147	5703	1	14.5488834	4.87413311	14.8358135
619	8824	1	14.5464096	7.54783058	17.0934334
8428	9636	2	14.5387449	5.87759304	19.0285435
3866	6226	1	14.5377426	6.66717148	11.6106348
587	7645	1	14.5377426	8.14929867	11.6106367
430	4549	2	14.5377417	7.41938066	11.6106377
5557	9057	1	14.5377417	6.05703545	11.6106358
633	8917	2	14.536274	7.65948486	21.2861671
514	5710	1	14.5362692	5.91249084	21.2861633
1163	8244	2	14.5352678	9.09062195	13.8682613
1742	8915	1	14.526598	6.34364986	8.38545895
1177	5033	1	14.526598	6.35378933	8.38545799
1651	6923	2	14.526598	7.40723133	8.3854599
484	4704	1	14.5251303	6.66570091	18.0609913
834	7176	2	14.5251293	7.2748313	18.0609856
7757	7985	2	14.5251274	6.51148033	18.0609894
6506	7112	1	14.524127	7.8131628	10.6430817
4566	6852	1	14.5149879	4.73306561	22.2537174
5656	7574	2	14.5139856	5.84169006	14.8358135
977	4546	1	14.5115118	7.53768921	17.0934334
4220	6644	2	14.5105133	7.9789958	9.67553139
1698	5685	1	14.5080423	8.4183569	11.9331551
5521	7056	1	14.5013733	5.43428421	21.2861633
3648	3967	2	14.5003691	8.11292648	13.8682594
4818	7558	2	14.5003662	4.69221687	13.8682604
1446	6146	2	14.4993677	5.35234165	6.45035172
7090	7355	2	14.4892263	2.8677578	10.6430845
362	2739	1	14.4766111	5.24369907	17.093441
5669	9027	2	14.4756117	6.83299828	9.67553234
3709	9265	2	14.4756107	8.09830952	9.67553043
1264	4540	2	14.4731388	8.09684372	11.9331512
1438	8500	2	14.4664726	5.83007908	21.2861652
1608	2600	2	14.4664717	7.87135458	21.2861671
1612	6461	1	14.4654713	6.86790037	13.8682604
1578	7702	1	14.4629955	5.16028118	16.125885
5666	7804	1	14.4553289	6.85528469	18.0609894
719	1390	1	14.4543276	5.62634373	10.6430845
2134	9233	2	14.4533281	6.91541243	3.22517681
922	1515	1	14.4518557	5.48326969	12.9007092
4204	4930	1	14.4518547	5.46818447	12.9007072
2420	5773	1	14.4417143	4.8256197	17.0934391
4483	6263	1	14.4392395	6.2451458	19.3510551
3539	5328	1	14.4320402	8.33988571	4.1927309
8657	8822	2	14.4305668	3.11699963	13.8682594
6427	6996	2	14.4305658	6.5352354	13.8682594
2991	6647	1	14.4179573	6.08179665	20.318615
4985	7797	2	14.4169559	6.29366589	12.9007063
663	5871	2	14.416954	6.73596668	12.9007072
1226	2166	2	14.4144869	4.81301212	15.1583309
3927	7995	2	14.4068127	4.92365074	17.0934372
1433	7453	1	14.4058123	6.60751247	9.67553043
3721	7210	2	14.4058113	6.61765146	9.67553139
5263	8805	1	14.393198	5.20779705	16.125885
7684	9525	2	14.3921967	3.96523857	8.70797539
4570	8219	1	14.3921967	6.38969421	8.70797729
2411	5428	2	14.3907251	4.85184956	18.3835087
3638	6273	2	14.3805828	5.21994114	22.5762367
4484	7933	2	14.3795843	3.81055641	15.1583309
717	5744	1	14.3795805	2.75811958	15.1583309
5634	9517	1	14.3795776	6.22139263	15.1583309
1917	3463	1	14.3719139	4.04865456	17.0934353
4378	5077	1	14.371912	5.96247482	17.0934334
1263	5892	2	14.369442	7.91987276	19.3510628
268	7891	1	14.369441	6.00851822	19.3510628
6521	6663	1	14.369441	7.00083065	19.351059
7022	9639	1	14.3684397	7.2127037	11.933156
1334	8485	1	14.3684387	7.44066143	11.9331541
1092	9229	2	14.3582954	6.76072598	16.1258831
3503	6548	2	14.3558273	6.83152866	18.3835068
1873	7190	1	14.3471508	7.40723228	12.9007053
3835	8666	1	14.3461523	5.49688721	5.48280048
4263	5828	1	14.3446827	4.32466316	15.15833
1257	8079	2	14.3446817	7.45427752	15.158329
347	6173	2	14.3446808	7.25007343	15.1583319
3462	6621	2	14.3345404	5.81646061	19.3510609
2249	4810	2	14.3335409	7.59781981	11.9331551
654	8625	1	14.33354	4.5278616	11.9331541
801	2908	2	14.3310661	6.89165497	14.1907787
1624	4607	2	14.3209257	5.08801174	18.3835087
1461	1852	1	14.316452	5.81692791	5.80531788
795	9151	1	14.3097839	6.97707748	15.1583328
5214	7388	2	14.309782	5.96100426	15.15833
3287	3687	1	14.3097801	6.84561157	15.158329
2568	8690	2	14.3087816	6.18696117	7.74042606
6400	9000	1	14.3073111	6.18896294	17.4159546
2381	8773	1	14.2986374	5.70975685	11.9331532
2309	7657	2	14.2986374	7.59882545	11.9331551
3633	7222	2	14.2976389	8.35002995	4.5152483
6887	7931	1	14.2961683	8.17011833	14.1907806
1966	6093	2	14.2961674	7.46294451	14.1907778
458	4031	1	14.2936935	8.43297386	16.4484024
6654	8055	2	14.286026	5.64963341	18.3835068
3977	7145	1	14.2850227	7.23893166	10.9655991
1464	6503	2	14.2835522	8.09931278	20.6411285
2960	4467	2	14.2825527	6.28252316	13.2232246
123	7953	1	14.2748814	4.77810764	15.1583309
5002	8853	1	14.2724094	6.41345119	17.4159527
4773	5283	2	14.2662125	5.84069061	9.67553139
35	2441	1	14.2612667	6.76072598	14.1907778
93	1565	1	14.2577915	5.75727272	9.03049469
2890	9132	2	14.2501221	4.69616127	10.965601
1412	9097	2	14.2476501	6.49586391	13.2232265
2226	9401	2	14.2389822	2.34150696	7.74042416
3438	8879	2	14.2375088	7.14290237	17.4159565
2199	5073	1	14.2375088	6.23253727	17.4159527
5145	5560	2	14.2365084	7.71713257	9.99804878
1192	5044	2	14.2365084	6.40331078	9.99804592
1772	6166	2	14.2355089	7.66762161	2.58014011
4080	6782	1	14.2278366	6.40230465	4.51524734
1569	9342	1	14.2263689	8.44558811	14.1907768
6234	9334	1	14.226368	8.85051727	14.1907778
1693	2083	1	14.226367	7.7980814	14.1907778
3594	5461	1	14.2263641	6.95231867	14.1907787
157	2008	1	14.2238932	7.2859745	16.4484005
3653	6868	2	14.2162285	4.40707684	18.3835068
3206	9001	2	14.2162266	4.99345493	18.3835068
6269	7725	1	14.2152252	4.22910309	10.9656
4321	9086	2	14.2137508	5.0157423	20.6411285
1258	4425	1	14.2127476	6.33103371	13.2232227
4208	4303	2	14.2117481	6.69859409	5.80531597
2288	5006	1	14.2112799	6.26990843	22.8987541
1791	8923	1	14.2040787	6.85775518	7.74042416
1011	6736	2	14.2016106	6.75972223	9.99804974
1582	3979	1	14.1914692	6.88004923	14.1907797
781	5964	1	14.1914673	5.87759113	14.1907778
234	1063	1	14.1889963	5.66225052	16.4484024
3345	6586	2	14.1865215	5.77808571	18.7060242
105	2106	1	14.1803255	6.17782402	10.9655991
5655	6157	1	14.1803246	3.403615	10.9656029
2643	3139	2	14.1788521	5.74565792	20.6411324
2323	8422	1	14.1778536	7.96738195	13.2232265
3428	6402	1	14.1778526	7.57259226	13.2232285
8729	8912	2	14.1778517	5.08700943	13.2232237
2588	8650	2	14.1743774	6.83052683	8.06294155
674	5715	1	14.1687088	7.81369686	24.8338547
1997	9316	1	14.1657085	2.62665462	2.58014202
975	4106	1	14.1642351	7.6201067	12.2556725
1209	3113	1	14.1642351	7.02458811	12.2556725
6760	6940	1	14.1540947	7.73942089	16.4484005
3387	6508	2	14.1530952	6.37754536	9.03049469
5187	7512	1	14.1530933	3.94048309	9.03049374
3525	6069	2	14.1429539	6.92755604	13.2232246
2668	8162	1	14.1429529	5.11323929	13.2232256
1111	6899	1	14.14048	3.94148159	15.4808474
1394	7564	1	14.1318083	6.75972509	9.99804878
2665	9434	1	14.1293383	7.26169252	12.2556725
295	4297	1	14.1293344	4.79172039	12.2556705
4100	7987	1	14.128336	5.89934444	4.83776474
5316	9222	1	14.1216669	5.96247482	14.1907759
6301	6308	1	14.119195	4.46573067	16.4484024
2613	9241	1	14.1191921	6.16173267	16.4484024
5417	8431	2	14.1181917	5.06719589	9.03049469
1002	4780	2	14.1070499	5.19665337	5.80531788
894	2001	2	14.1055794	6.54638433	15.4808483
9009	9686	2	14.1045771	5.03996181	8.0629406
242	9438	1	14.1035757	4.52585888	0.64503479
720	3389	2	14.0842962	6.31989479	16.4483986
6039	6180	1	14.0808239	7.62010527	11.2881184
25	1637	1	14.0808229	5.87411785	11.2881184
5357	7940	2	14.080821	5.51917744	11.2881193
1223	3509	2	14.0808201	5.20926857	11.2881193
1716	4533	1	14.071682	1.55392933	22.8987522
2412	5243	1	14.0716801	3.22517586	22.8987503
799	5547	1	14.0706806	5.00606441	15.4808474
6206	9487	2	14.0706787	7.22631836	15.4808474
559	5502	1	14.0696802	5.32858562	8.0629425
5065	7017	2	14.0696793	6.54538393	8.0629406
2268	8469	1	14.0696754	8.09931564	8.06294155
4547	7407	1	14.0493965	0.572761536	16.4484043
3523	8775	1	14.0367794	6.90379381	22.8987522
5494	8083	1	14.0357809	5.4503746	15.4808493
7253	8554	2	14.0347786	5.7209053	8.06294155
3822	6065	1	14.0347786	7.13075781	8.0629425
6140	6248	1	14.033309	5.53131676	17.7384701
1924	5886	1	14.0323057	8.13321018	10.3205652
6167	8748	1	14.0323048	7.84906816	10.3205662
7482	9672	1	14.0323029	5.3013525	10.3205662
4257	8687	1	14.0236349	5.8881979	4.83776569
3554	8236	2	14.023633	7.69237423	4.83776569
4262	9279	1	14.0221653	5.62487411	14.5132961
1227	1350	1	14.0221653	6.84414196	14.5132923
5536	7084	1	14.0221596	7.4057579	14.5132942
1104	3030	1	14.0110216	6.04589272	11.2881203
573	3896	1	14.009552	5.46918297	20.9636517
4232	7273	1	14.0085487	7.24907064	13.545742
7616	7932	1	14.0008793	6.34218168	15.4808483
311	1164	1	13.999877	7.83691883	8.06294346
688	3734	2	13.9984074	8.08916759	17.738472
1157	5239	1	13.9862642	5.75727177	7.09538794
7729	8560	1	13.9862614	5.70875549	7.09538984
1186	3819	2	13.9761238	5.97114849	11.2881193
4606	5071	2	13.9761219	2.96378803	11.2881203
2350	4396	2	13.9746542	4.19273281	20.9636497
1939	6042	2	13.9736519	5.62487793	13.545743
857	4961	2	13.9736509	5.43428802	13.5457458
839	1182	2	13.9736481	6.34117317	13.545742
1434	1724	2	13.9649782	5.2800703	8.0629406
1140	8606	2	13.9635096	7.62111044	17.738472
1503	3533	1	13.9635067	6.64094067	17.738472
2550	8725	2	13.9625082	6.14192772	10.3205662
5759	8715	2	13.9625072	6.81938362	10.3205662
6319	8257	1	13.9625072	6.17435122	10.3205662
1568	2653	1	13.9625072	4.81200314	10.3205662
2433	4739	2	13.9625063	5.45703983	10.3205662
3741	7824	1	13.9533672	4.43183136	21.9312019
5752	6673	1	13.9523659	3.78679657	14.5132971
8388	8918	2	13.9523621	5.23402214	14.5132952
3937	4601	2	13.9412212	5.22288418	11.2881184
1083	7461	2	13.9397535	4.13306808	20.9636459
5261	5937	2	13.9387493	6.59389877	13.545742
188	3662	2	13.9387493	4.43330288	13.545743
1337	5326	2	13.9387493	6.77187014	13.545742
2366	5427	2	13.937747	5.81692791	6.1278348
564	2965	2	13.9286089	4.95608139	17.738472
9190	9337	1	13.9174681	2.10341358	14.5132961
3056	5499	2	13.9174662	7.1666584	14.5132971
2697	7677	1	13.9174652	4.43330383	14.5132952
5030	8929	1	13.9149933	6.41545582	16.7709141
9118	9510	2	13.9139891	5.05110455	9.35301208
1912	5211	2	13.9115162	5.94639158	11.6106377
4596	7668	1	13.9038506	3.11800385	13.5457449
1879	2586	2	13.9038486	2.62865448	13.5457439
1687	7980	2	13.9038477	5.88006496	13.5457439
1701	2302	1	13.9013786	7.34463835	15.8033695
2856	7401	2	13.9013767	3.51032448	15.8033657
2218	6482	2	13.8937073	4.87413311	17.7384739
4317	8413	1	13.8927069	2.70240021	10.3205652
617	1009	2	13.8912363	4.30090523	19.9960957
1038	1400	2	13.8902359	4.71944904	12.5781889
729	7701	2	13.8902302	5.4008522	12.5781879
1718	6859	1	13.8800936	7.32334995	16.7709217
183	3577	2	13.8800926	4.24124622	16.7709198
655	8325	1	13.8790913	7.42851591	9.35301208
2777	4422	1	13.8776217	5.43429184	19.0285454
1552	2671	1	13.8776188	7.64339256	19.0285454
7128	8701	1	13.8689499	2.40216732	13.5457439
1426	4145	2	13.8689489	6.96245766	13.545742
232	6073	1	13.8679485	6.88051033	6.12783575
5821	8004	1	13.866478	5.52884388	15.8033676
1193	4844	1	13.8654718	7.40575981	8.38545895
3084	8718	2	13.8563366	5.1951828	19.9960976
2654	8406	1	13.8563337	4.88627911	19.9960976
5162	8596	2	13.8518629	6.48325062	7.41790724
2295	8543	2	13.8441906	4.64617538	9.35301208
3165	6856	2	13.8441906	5.71076202	9.35301208
3753	5531	1	13.8441896	3.92019653	9.35301208
916	5770	2	13.8340511	7.06095695	13.5457439
3988	7107	1	13.8340502	4.6001358	13.5457449
1478	4527	1	13.8315744	6.27237988	15.8033648
305	8343	1	13.8305731	5.25530815	8.38545609
1542	2781	1	13.8281012	6.73596668	10.6430836
1614	2023	2	13.8214359	7.7777977	19.9960957
2396	6403	2	13.8204346	7.70352554	12.5781898
1271	7845	2	13.8204327	5.78450203	12.5781918
2239	3478	1	13.8179626	7.11914682	14.8358154
959	8529	1	13.8179626	5.65110493	14.8358135
5797	6573	1	13.817955	6.10554314	14.8358126
3856	7078	2	13.8068209	3.96971035	11.6106348
690	9040	1	13.7991514	4.20534897	13.5457401
2913	4947	2	13.7991486	5.32958698	13.5457439
1760	4290	1	13.7966757	8.03965092	15.8033667
153	8214	1	13.7956734	5.52930927	8.38545895
2935	9198	2	13.7932034	4.28628445	10.6430836
1974	7651	1	13.792201	7.09238338	3.22517586
24	8921	1	13.7830639	4.7533474	14.8358154
2424	6247	1	13.7830601	2.08832073	14.8358107
7667	8492	1	13.7820587	6.12482929	7.41790724
9452	9480	2	13.7753925	7.23993349	16.7709198
2642	4904	2	13.7719202	5.80679035	11.6106386
2069	4997	2	13.7694454	5.74465752	13.8682575
4879	5799	1	13.7694445	7.79908562	13.8682585
7566	8109	2	13.7607765	0.682408333	8.3854599
2915	5534	2	13.7607756	3.53655148	8.3854599
5542	5602	1	13.7593098	4.19273472	18.0609894
4068	5598	2	13.7583036	8.3000412	10.6430845
5441	8572	1	13.7583027	5.06224823	10.6430826
1580	3111	2	13.7583027	4.65878963	10.6430836
3409	9581	2	13.7558308	6.99782515	12.9007072
2374	8655	1	13.7506342	5.80678988	12.5781898
3116	9237	1	13.7491646	6.11522341	22.2537193
1216	4545	2	13.7481632	4.92118168	14.8358126
3964	7417	1	13.7481613	2.63879585	14.8358145
4465	9520	1	13.7446899	4.3823185	9.67553139
1053	7014	1	13.7370205	5.92510509	11.6106377
1878	4478	2	13.7370186	6.32236671	11.6106358
251	4454	1	13.7345486	3.51179886	13.8682632
6855	8138	2	13.7335472	2.37493992	6.45035315
3234	3446	1	13.7258749	4.91050625	8.38545895
3690	5241	2	13.7219334	4.23877239	20.3186131
964	9615	2	13.7122631	4.54047871	7.41790438
6635	8366	2	13.7107897	5.06325245	17.0934372
6005	6341	2	13.7107887	5.37563038	17.0934353
2934	7002	1	13.7031202	5.6137228	19.0285416
8054	8872	1	13.7021189	5.49541283	11.6106377
5880	8524	2	13.7021179	6.31742001	11.6106339
287	7649	2	13.7006512	4.94594193	21.2861691
6682	7510	1	13.6996498	6.46443939	13.8682604
3973	4937	2	13.697176	4.72959423	16.125885
5152	5327	2	13.6971684	6.79415512	16.1258831
4645	5872	2	13.6909771	4.92265511	8.3854599
4072	9217	2	13.6895056	5.69714403	18.0609894
6101	9117	1	13.6894999	6.22633791	18.0609856
4431	9591	2	13.6885023	5.88920116	10.6430836
1347	4703	1	13.6870346	6.31842232	20.318615
197	6572	2	13.6870308	7.4780302	20.3186111
4129	4517	1	13.6783619	4.65732002	14.8358135
2514	7472	1	13.67836	6.37955236	14.8358135
80	2256	2	13.6758928	5.55507565	17.0934391
2054	2253	2	13.6748877	6.23547649	9.67553139
1825	7563	1	13.6682196	5.10162544	19.0285416
856	7330	2	13.6657486	3.09424973	21.2861671
8578	9102	1	13.6647491	6.35579538	13.8682604
5274	7212	1	13.6511307	6.15159607	12.9007092
1313	4845	1	13.6496592	3.725667	22.5762367
4588	5719	2	13.6434631	0.598992348	14.8358135
3473	4486	2	13.6409855	6.11668682	17.0934353
731	4355	2	13.6385183	4.52538967	19.351059
710	9574	1	13.6197033	7.18127823	18.0609856
5662	9037	1	13.6172352	6.17534828	20.318615
5403	8324	1	13.6172333	5.39938259	20.3186111
7276	9169	2	13.6162329	4.55162048	12.9007072
7	4717	1	13.6162329	3.22517872	12.9007072
3637	7770	2	13.6162319	6.36593819	12.9007092
1214	4792	2	13.6162319	4.63503361	12.9007053
468	8015	1	13.616231	1.03982449	12.9007063
2785	7052	2	13.6152296	7.17927265	5.48279858
817	7076	1	13.6050911	6.4270649	9.67553139
2445	7236	2	13.6050873	6.03227472	9.67552948
1029	7046	2	13.6050873	4.28775597	9.67553139
4407	8072	2	13.5949421	5.43675423	13.8682575
7820	9253	2	13.5914736	4.55061626	8.70797634
159	1106	2	13.5914717	7.85920811	8.70797729
5548	6564	2	13.5914707	5.02487564	8.70797729
1306	2835	1	13.5900021	8.29856873	18.3835068
5553	8806	1	13.5889988	7.27282906	10.965601
7328	8700	1	13.5813303	6.26123714	12.9007072
2121	2880	2	13.5813284	5.2077961	12.9007072
5082	5304	2	13.5803299	7.45674849	5.48279953
244	6077	1	13.5711899	3.39200878	17.0934372
1945	3663	1	13.5701895	7.24039984	9.67553043
2877	5122	2	13.5701895	6.79562664	9.67552948
1755	4581	1	13.5687189	5.02834988	19.351059
4309	9075	2	13.5677166	5.59144258	11.9331551
5761	7185	1	13.5677147	7.85773563	11.9331541
3008	4881	2	13.5677128	6.47310543	11.9331512
531	4157	1	13.5600471	4.51671791	13.8682594
4612	6118	2	13.5600471	6.39216423	13.8682613
1958	9095	1	13.5590458	5.2800684	6.45035458
3841	6004	2	13.5575714	6.11468792	16.1258831
578	777	2	13.5464306	6.73944283	12.9007092
976	3961	2	13.5449619	6.45035648	22.5762329
2423	5520	2	13.5439615	5.82660532	15.1583319
2956	3752	2	13.5439606	6.24862289	15.1583309
5208	8457	2	13.5429554	4.01128292	7.74042368
239	2036	2	13.5338192	3.69223976	19.3510571
2009	8448	2	13.5338173	5.59144211	19.351059
6988	7395	2	13.5328169	6.03227615	11.9331551
6632	9503	2	13.5318146	5.68499851	4.51524639
1090	8375	2	13.5216732	7.81316471	8.7079792
1666	8593	2	13.5202007	4.24124336	18.3835068
4522	8530	2	13.5191994	4.76449203	10.9655991
1319	6333	2	13.509058	6.92856026	15.1583309
634	5203	2	13.509058	5.81792831	15.1583309
7277	8767	1	13.509058	4.6350317	15.1583309
3307	7393	2	13.509057	3.91872692	15.158329
953	2347	2	13.4979153	3.65486622	11.9331532
994	7856	1	13.4954453	5.15928364	14.1907778
3214	7608	2	13.4954443	5.89787054	14.1907768
3326	7863	1	13.4954433	5.29021072	14.1907778
8009	9425	1	13.4954433	5.98376226	14.1907816
1470	4393	1	13.4919701	5.85182858	9.03049564
3426	8165	2	13.4853039	3.55884266	18.3835068
3507	4037	2	13.4853039	2.86876392	18.3835068
9490	9587	2	13.4843016	6.89165401	10.965601
2512	8007	1	13.4843016	5.9847641	10.9656
2449	6106	1	13.4842997	5.21793556	10.965601
6715	9404	1	13.4751616	6.46296644	22.5762348
8336	9537	1	13.4751606	6.45135784	22.5762367
2462	4087	2	13.4741602	5.65110064	15.1583319
2188	3217	2	13.4731579	7.49931717	7.74042416
8477	8689	2	13.4640198	3.90611839	19.3510609
4991	8636	2	13.4620161	6.82185364	4.51524734
1305	2581	1	13.4595442	5.2664547	6.77287197
1883	7473	2	13.4580746	7.59387779	16.4484005
374	4363	2	13.4514008	5.86597729	25.8014107
4165	6826	1	13.4504032	5.52017546	18.3835068
610	1816	2	13.4504023	3.97738552	18.3835068
2538	7158	2	13.4504023	4.37070656	18.3835068
676	7437	2	13.4504013	3.66848087	18.3835087
1508	8145	1	13.4494019	4.74220371	10.9656029
2357	9032	2	13.4479313	5.37462807	20.6411266
414	1356	1	13.446929	3.85659885	13.2232246
7440	8786	1	13.4392595	4.19172764	15.1583319
3836	4833	2	13.4266462	6.64094114	21.6086826
7799	8071	1	13.4256458	3.25907612	14.1907787
2298	7981	2	13.4256458	2.74597168	14.1907778
333	4688	1	13.4241772	6.22239399	23.8663101
2123	9411	2	13.4231691	4.89642429	16.4484005
2370	8000	2	13.4155035	5.31844139	18.3835068
5402	6788	2	13.4155025	3.66847801	18.3835068
6592	8821	2	13.4145041	4.10831261	10.965601
2415	5979	1	13.4130316	5.97114086	20.6411266
576	2796	2	13.4120302	5.4332819	13.2232256
6054	9149	1	13.4043608	5.31597042	15.1583319
3171	3695	2	13.4033585	4.24024391	7.74042368
6995	9569	1	13.4008846	5.49788809	9.99804688
2090	7923	1	13.3994122	5.31496525	19.6735764
4276	4397	2	13.3907442	4.88628101	14.1907778
1013	1747	2	13.3907433	5.13799953	14.1907768
4659	7519	1	13.3882713	7.24760199	16.4484024
4082	7948	2	13.3872709	6.56913424	9.0304966
2079	5916	1	13.3785992	4.64517403	3.54769421
1261	9226	1	13.3771305	5.61272907	13.2232265
3129	4038	1	13.3771286	7.36985779	13.2232237
2962	6625	2	13.3771286	6.05602741	13.2232256
2706	7008	2	13.3771267	4.15682507	13.2232246
518	4469	2	13.3746548	4.13206577	15.4808502
8196	8782	1	13.3736553	6.71120787	8.0629406
5029	8417	2	13.3679924	5.71075916	24.8338623
2794	8449	2	13.3669872	6.08079052	17.4159565
2881	9356	1	13.3533726	3.63110924	16.4484024
5601	8317	1	13.3498993	5.26545048	11.2881193
2059	3883	2	13.3422298	3.08210278	13.2232256
7952	8803	2	13.3397579	6.18649435	15.4808502
2099	4433	2	13.3387537	7.88396835	8.0629425
366	1094	2	13.3320904	6.08079004	17.4159565
4436	9418	1	13.3320894	4.21748638	17.4159508
4646	6406	2	13.3320866	4.23110676	17.4159546
2437	8873	1	13.3310862	5.50802803	9.99804878
1391	5524	2	13.3310852	5.16074944	9.99804688
3861	8590	2	13.3296165	5.79417801	19.6735764
4468	8511	1	13.327611	6.33003426	4.83776379
1694	3598	1	13.3209457	5.46198702	14.1907778
210	660	1	13.3194733	4.14521503	23.8663063
1843	8988	1	13.3184729	5.48426962	16.4484024
5942	6434	1	13.3184719	3.90658188	16.4484005
1579	4117	2	13.3184719	2.67717075	16.4484005
647	7317	2	13.3184719	2.8293848	16.4483986
7038	8531	2	13.318471	6.85528374	16.4484024
3236	9278	2	13.315999	6.05556297	18.7060261
6152	6836	2	13.3149958	6.2713809	11.2881184
6336	8213	1	13.3083296	4.80286407	20.6411304
2720	6006	1	13.3073292	5.85429955	13.2232265
5019	5179	2	13.2937145	5.42314434	12.2556705
5654	9164	1	13.2937136	6.61517811	12.2556705
1706	4346	2	13.2937107	6.14044619	12.2556715
2358	3699	1	13.2912369	8.64731216	14.5132952
8948	9021	1	13.2835712	3.42938232	16.4484024
1874	6845	1	13.2825699	6.76072645	9.03049469
750	8659	2	13.2811012	6.02066469	18.7060261
7551	8119	1	13.280097	5.81445646	11.2881184
1316	7986	2	13.2734318	6.06817436	20.6411304
4820	8020	2	13.2699575	6.18896675	15.4808483
1656	9202	2	13.2689552	4.62388992	8.0629425
1171	7069	1	13.2578125	6.36493301	4.83776474
2223	9327	2	13.2563419	4.62242031	14.5132961
3764	5807	2	13.2563372	4.44197273	14.5132952
252	1642	1	13.2476711	6.97507048	9.03049564
831	7516	2	13.2462025	6.17635489	18.7060242
4695	7374	1	13.2462006	3.02344704	18.7060242
2997	3553	2	13.2461977	3.9298687	18.7060242
6109	6900	1	13.2451982	4.65631771	11.2881174
6446	7441	1	13.2365274	7.14437294	5.80531788
2834	4945	1	13.2360554	2.12669373	22.8987503
6556	9029	2	13.2350578	6.92755651	15.4808455
3989	7705	1	13.2350569	4.59866238	15.4808455
388	2689	1	13.2263899	5.37709999	9.99804878
172	5642	2	13.2239151	6.86890173	12.2556725
850	6200	1	13.2239141	4.57637691	12.2556725
4210	6792	2	13.2214403	4.88528061	14.513298
428	8466	1	13.2102995	6.29366446	11.2881184
858	8080	2	13.2102985	4.23923969	11.2881184
1272	4203	1	13.2102966	1.85169315	11.2881184
4067	5460	2	13.2001562	5.33972549	15.4808483
4472	5754	2	13.1991539	4.84937859	8.06294155
8561	9559	1	13.1976881	4.42936134	17.738472
5970	6692	2	13.1966848	7.03473091	10.3205662
5302	8475	1	13.1966839	3.56030941	10.3205662
4984	7399	2	13.196682	4.15335274	10.3205662
4460	6031	2	13.1865435	5.54292822	14.513298
5373	5787	2	13.1865406	4.13306999	14.5132971
2894	8330	1	13.1865406	5.98476171	14.5132961
3398	6056	1	13.1865396	2.34003448	14.513298
2032	7635	2	13.1830711	2.28385639	9.35301399
2416	6386	2	13.1764011	2.31728458	18.7060242
2321	3632	2	13.1763973	1.86283302	18.7060242
2077	4238	1	13.1753998	6.2476244	11.2881184
644	9699	2	13.1617842	6.04342318	10.3205643
3081	4201	1	13.1617842	3.98999786	10.3205662
6767	9682	1	13.1617823	0.488347054	10.3205662
3882	9042	1	13.1617823	5.61373043	10.3205662
2291	5181	1	13.1593075	4.10830879	12.5781889
3421	9429	2	13.1516418	3.96376801	14.5132961
583	2972	1	13.1506395	6.48572063	7.09538937
4344	5318	1	13.149168	7.03820133	16.7709179
5452	5673	1	13.1405001	3.36972332	11.2881193
843	1903	1	13.1345539	6.12683773	8.38546085
6652	8704	1	13.1278877	3.51032448	17.7384739
1212	4666	2	13.1278858	6.45182467	17.7384682
898	8293	1	13.1278839	6.72582579	17.738472
3356	3906	2	13.127883	1.64748859	17.738472
2939	8651	2	13.127882	3.21303177	17.738472
154	659	2	13.1258802	4.68254566	2.90265942
2279	8982	1	13.1254148	4.01228523	19.9960957
1886	5583	1	13.1244078	4.61894131	12.5781898
3935	4448	1	13.1192169	4.97116852	12.2556734
4160	4663	1	13.1167431	5.25531197	14.5132961
1913	6334	1	13.1167431	6.82038593	14.5132952
2189	7734	1	13.1066017	4.27861881	18.7060261
4122	8613	1	13.1031284	2.87790585	13.545742
1774	2797	1	13.1031275	5.55507374	13.545742
4331	4719	1	13.1031275	2.92642021	13.5457439
601	2963	1	13.1031275	5.97362137	13.5457439
756	5798	2	13.1031265	4.60013103	13.545743
6001	8153	2	13.1031265	4.21401215	13.5457392
6917	8371	1	13.1031246	5.28007221	13.545742
3359	5973	1	13.1021252	5.37609816	6.1278367
1081	1504	2	13.0895138	4.96869755	12.5781879
3377	6661	1	13.0895128	3.28383541	12.5781898
4971	9071	2	13.0818405	5.18651295	14.5132971
5737	7716	1	13.0793676	2.07965374	16.770916
1673	6138	2	13.0783672	5.12338352	9.35301208
946	9469	1	13.0758963	6.81938267	11.6106339
8426	8686	2	13.0682249	5.2800684	13.5457401
32	6578	2	13.0672264	6.72482157	6.12783527
1730	5931	2	13.0657558	5.49294329	15.8033695
2611	3266	1	13.0657549	5.04096317	15.8033657
5823	9652	1	13.0657549	3.9536314	15.8033676
5732	9585	2	13.057085	4.77957821	10.3205671
1574	8334	2	13.057085	3.33382034	10.3205652
5196	5936	1	13.0570822	3.08110046	10.3205652
5725	8463	1	13.0546131	5.7345171	12.5781908
3231	4046	2	13.0546112	4.59665871	12.5781898
6272	8717	1	13.0546093	4.19172573	12.5781889
8265	9210	2	13.0454721	5.22241783	24.1888218
1662	2961	2	13.0420017	6.97607422	19.0285435
2534	5012	1	13.0419998	6.16520882	19.0285435
2782	9272	1	13.0409956	5.63748646	11.6106358
2800	5017	1	13.0409946	7.13175774	11.6106377
2155	8467	1	13.033329	3.0370636	13.5457458
2552	4004	1	13.0333252	5.93624544	13.5457411
5769	7481	2	13.0308542	5.30482817	15.8033676
2386	3921	2	13.0298538	6.43821096	8.3854599
2531	6729	1	13.0207157	6.13797951	19.9960957
4235	4592	2	13.0197153	5.9149704	12.5781889
5905	7251	2	13.0197144	3.0224514	12.5781918
5515	6562	2	13.0197124	4.12046051	12.5781898
819	3330	1	13.0172405	6.28105021	14.8358126
3286	7712	1	13.0162373	5.97014284	7.41790771
3053	6237	2	13.0070972	4.57390308	19.0285454
3034	6738	2	13.0060968	5.43576002	11.6106367
6126	9518	2	13.0060968	7.26021481	11.6106358
1168	6507	2	13.0060959	4.84790707	11.6106367
3110	8157	2	12.9949541	4.94393826	8.3854599
5076	6360	1	12.9934797	5.16028261	18.0609894
3031	4776	2	12.9924812	5.43575716	10.6430826
2438	7962	1	12.9858112	6.18896103	19.9960938
999	6501	1	12.9848137	4.58751869	12.5781889
42	7686	2	12.9848118	5.4221406	12.5781889
7179	7404	1	12.9838085	4.13454247	5.16028118
2273	2968	2	12.9813366	4.82462025	7.41790628
5876	6921	2	12.9736681	6.28252506	9.35301304
5288	7410	2	12.9711971	5.55407333	11.6106367
5168	7509	2	12.9687223	6.43573427	13.8682604
9219	9299	1	12.9610558	5.6025877	15.8033667
396	2958	1	12.9600534	5.17189503	8.3854599
973	1475	1	12.9600525	2.17667961	8.3854599
2569	7771	2	12.9575806	2.75958538	10.6430826
1477	6589	1	12.9499111	4.89889526	12.5781908
2619	5984	2	12.947443	4.6340332	14.8358154
4605	9184	1	12.9474411	3.84793091	14.8358135
589	5027	1	12.9464388	5.86544657	7.41790295
948	6607	1	12.9464359	3.97738647	7.41790533
1428	8695	1	12.9338207	6.55652046	13.8682575
3857	6207	1	12.9261513	3.61996746	15.8033628
8804	9006	1	12.9236832	4.27513981	18.0609913
5758	8337	2	12.920208	5.56421375	12.9007072
6394	8038	2	12.9125423	4.10831356	14.8358154
4400	8619	1	12.9100685	6.30628109	17.0934353
3364	8006	2	12.9100666	6.52162457	17.0934372
1734	2044	1	12.9100666	4.84790611	17.0934372
6151	7848	1	12.9023943	4.20634842	19.0285397
3179	5961	2	12.9013958	5.32858276	11.6106339
2742	7280	2	12.8999252	4.6946907	21.2861633
8172	9067	1	12.8887844	4.99345303	18.0609913
735	8665	1	12.8877821	5.09962273	10.6430855
6801	7036	1	12.8877821	3.21303272	10.6430836
4059	9547	2	12.8877811	3.61796093	10.6430826
8648	9691	2	12.8877802	6.23400402	10.6430817
1833	4329	2	12.8877802	2.98406792	10.6430845
3647	7497	2	12.8776417	4.57390594	14.8358126
1533	9156	2	12.8766394	6.37855101	7.41790676
1546	4022	1	12.8766375	3.07096195	7.41790676
1294	3145	2	12.8751688	5.9610076	17.0934372
1109	4024	2	12.8751669	1.38462734	17.0934372
4895	8356	1	12.8751659	5.55654335	17.0934372
196	8278	2	12.8741646	1.2269392	9.67553139
4499	4723	1	12.8726959	6.53276491	19.3510609
2056	4927	1	12.866498	0.501965523	11.6106377
3422	3667	1	12.8664951	5.24516726	11.6106358
248	9523	1	12.8615532	6.23153019	16.1258831
5209	7149	1	12.8538847	2.22272873	18.0609894
2576	3528	2	12.8538828	3.87368584	18.0609894
2492	3117	1	12.8528805	1.56407261	10.6430836
7458	8588	2	12.8402691	0.607662201	17.0934372
1084	8660	2	12.8402681	3.38086319	17.0934372
5738	7861	1	12.8402672	4.04965782	17.0934372
3156	7278	2	12.8402672	5.54145765	17.0934353
3003	9564	1	12.8392658	6.17434692	9.67552948
5784	9310	1	12.8291235	5.61372948	13.8682604
2232	6485	2	12.8256531	6.86690044	8.7079792
3244	5635	2	12.8179817	1.57915688	10.6430836
199	6190	1	12.8165102	2.90366268	20.3186131
5442	9601	1	12.8155079	3.36624527	12.9007063
5070	9629	1	12.8043661	3.31006336	9.67552948
8076	9370	1	12.7942247	3.26154613	13.8682613
6064	8793	1	12.7917557	3.16551971	16.1258869
988	3818	2	12.7917509	3.60634899	16.125885
665	3676	1	12.7907486	5.148139	8.70797634
2345	8617	2	12.7816105	3.4415226	20.3186111
4553	8034	1	12.7806101	5.44689989	12.9007063
3949	7174	1	12.7806091	4.78925323	12.9007072
2691	7070	1	12.7796087	1.73137379	5.48280001
3374	4886	1	12.7704687	5.66224146	17.0934353
1050	6047	1	12.7704687	5.39938545	17.0934372
3761	4635	1	12.7694693	1.08834267	9.67553234
2793	6812	1	12.7669926	6.10454655	11.9331532
4829	8367	1	12.7568531	3.3085947	16.125885
7054	7500	1	12.7457066	5.5540719	12.9007072
1135	8310	2	12.7432394	4.92118168	15.1583328
1148	7532	1	12.7432365	4.72958946	15.15833
6794	9160	2	12.7432365	6.43921137	15.158329
332	8726	2	12.7432356	2.74596977	15.1583338
1918	9195	1	12.7432346	5.24169111	15.1583271
1926	1929	1	12.7335644	3.01030064	2.25762177
1359	7127	1	12.7320948	6.17535019	11.9331541
278	3951	2	12.7320938	1.99476528	11.9331541
6818	8739	1	12.7310934	4.28775978	4.5152483
1017	5570	2	12.7310915	3.37885952	4.51524734
1282	6339	1	12.72962	5.35087013	14.1907768
5166	5646	1	12.7219543	5.9610076	16.125885
4721	5764	2	12.7219524	5.24516821	16.1258831
1819	2666	1	12.7219496	3.17665958	16.1258831
4241	7431	1	12.7184811	6.3198967	10.9656048
2824	8384	1	12.7108107	3.76203823	12.9007082
403	918	1	12.7108097	5.21026897	12.9007092
641	2266	1	12.7098064	5.9750905	5.48279953
1732	4746	1	12.709343	1.45790482	22.5762367
3014	4211	2	12.7083368	1.87644577	15.1583309
3714	5413	2	12.6981974	6.38055706	19.3510628
7068	8699	1	12.6971931	3.72813988	11.9331532
2838	7469	2	12.6947174	5.64762211	14.1907768
5714	7502	1	12.6937208	3.00883198	6.77287054
1928	7094	1	12.6870518	2.23286724	16.125885
1489	5217	2	12.6845779	4.86152077	18.3835049
3431	8956	1	12.6835766	7.39314747	10.965601
4667	9484	1	12.6835766	4.33727646	10.965601
5383	9623	1	12.673439	5.67486286	15.1583328
2884	4116	2	12.6734371	5.86397696	15.1583309
2297	6282	1	12.6734362	1.71975803	15.1583319
3748	5525	1	12.6724339	4.33627319	7.74042368
2879	7117	2	12.6724329	1.49427223	7.74042416
5535	6871	2	12.6709671	4.80186558	17.4159546
8215	8396	2	12.6709671	4.15682888	17.4159546
1611	7051	2	12.6632957	6.10454702	19.351059
2401	7560	2	12.6622934	5.24516964	11.9331522
4127	8605	2	12.6608229	4.51524544	21.6086845
2571	2598	1	12.6598206	0.560149193	14.1907787
2603	3141	1	12.6521549	5.05211115	16.1258831
1960	6441	2	12.6462049	6.3882246	13.2232218
3152	9351	1	12.6385393	5.23503399	15.1583319
1278	5286	1	12.6385384	4.58651733	15.1583328
1790	9055	2	12.6385374	1.87792015	15.1583309
3274	5063	2	12.6375322	4.13453865	7.74042511
2176	6161	1	12.6360664	6.59242773	17.4159546
8369	8902	2	12.6350632	5.57636118	9.99804688
3970	7281	1	12.6249237	6.00952435	14.1907787
5479	9624	1	12.6249218	5.57635689	14.1907787
5037	8676	2	12.6239214	5.85182858	6.77286959
3318	9608	1	12.6224499	4.7407341	16.4484005
3623	5721	1	12.6214514	5.20679712	9.03049469
5907	7806	2	12.6036377	4.55261993	15.1583319
1585	3294	1	12.6036377	5.81793118	15.1583319
705	6642	1	12.6026354	3.18927288	7.74042511
2803	5727	1	12.5986891	3.04573345	19.6735764
1277	3060	2	12.5890207	4.70483303	6.77287102
5924	7583	1	12.5764065	5.87411499	13.2232256
7540	9201	1	12.5687389	5.8290782	15.1583309
2173	6253	2	12.5662632	5.14914131	17.4159546
88	8181	2	12.5541201	4.71991301	6.77287006
4285	5227	1	12.5526495	6.62979746	16.4484005
1756	6136	1	12.5415077	6.44935274	13.2232246
3465	4554	2	12.5415068	3.10586166	13.2232237
4709	9519	1	12.5405064	3.53802013	5.80531788
2573	7040	2	12.5405054	1.25517082	5.80531883
4149	4870	1	12.5313654	4.00461483	17.4159508
588	7207	1	12.5303631	5.66224384	9.99804878
4013	4435	1	12.5303631	3.05881691	9.99804783
873	4053	2	12.5293627	5.43722725	2.58014011
2159	6370	2	12.5288944	1.55146122	19.6735783
2202	2606	2	12.5278931	4.93379688	12.2556705
1388	3644	2	12.5278921	5.3872385	12.2556715
945	9051	1	12.5278883	4.89641857	12.2556725
1385	5958	2	12.5202208	1.72323608	14.1907768
1589	6957	1	12.5177498	6.41445255	16.4484024
7766	9526	2	12.5177488	3.47689247	16.4483986
2942	8875	1	12.5076103	0.383180618	20.6411324
2725	3348	1	12.5066071	4.47934532	13.2232256
1991	2042	1	12.5066051	5.14813566	13.2232237
3027	3433	1	12.5056057	6.21172094	5.80531883
5587	7974	2	12.5056028	3.35857677	5.80531788
2055	2543	1	12.494462	5.25430918	2.58014202
3559	7384	1	12.4929905	1.50541687	12.2556725
1615	5584	2	12.4929895	3.57245064	12.2556705
7814	8509	2	12.4919891	4.28675365	4.83776474
4043	5089	1	12.4828482	2.52047634	16.4483986
3202	4956	2	12.4818497	1.87544823	9.03049564
3181	4030	2	12.4717064	4.14421463	13.2232246
2000	8460	1	12.4717045	4.58651876	13.2232237
5365	6808	1	12.4707041	3.76350784	5.80531883
3898	7021	2	12.4692345	1.21779919	15.4808502
0	2180	1	12.4692345	3.58507061	15.4808493
5897	6979	1	12.4692335	4.18405819	15.4808512
480	5663	1	12.4657612	3.25907707	10.3205643
103	6768	2	12.4580946	5.92410469	12.2556744
6756	6777	2	12.4580917	4.95607948	12.2556725
7970	9533	1	12.4570885	5.62634134	4.83776379
2197	7248	1	12.4479523	3.38086605	16.4484005
5966	9397	1	12.4469481	0.645035744	9.03049469
1506	7515	1	12.4469481	1.87544727	9.03049469
6036	6380	1	12.4454813	1.15813923	18.7060261
3251	5554	1	12.4454784	5.32711792	18.7060242
6235	7735	1	12.4444761	3.7969408	11.2881193
478	6600	2	12.4430065	4.71697998	20.963644
104	9670	2	12.4353352	2.87743473	22.8987541
5952	8204	2	12.4353352	6.33203697	22.8987522
2394	3178	2	12.4353342	6.09193134	22.8987503
3872	9690	2	12.4333324	5.28007126	8.06294155
4021	6634	2	12.423193	4.27761555	12.2556725
3983	7039	1	12.423192	3.76203918	12.2556725
8667	9565	1	12.4207172	5.80678654	14.5132952
2353	6364	1	12.4120483	3.54769421	9.03049469
4794	5287	2	12.4095783	5.22907972	11.2881193
6675	8195	1	12.4095774	4.98130703	11.2881184
1923	3392	2	12.408576	5.27907181	3.87021255
1800	6070	1	12.399436	1.92496681	15.4808464
4559	7162	1	12.399435	1.64849186	15.4808493
1711	3694	1	12.3994312	3.70237637	15.4808464
433	3645	2	12.3969631	3.06082153	17.7384739
7836	8135	1	12.3808756	4.44050407	19.0285435
3852	7753	1	12.3746767	4.72959375	11.2881193
5450	9355	1	12.3746758	1.26778412	11.2881184
5790	6175	1	12.3746758	3.17813015	11.2881184
3336	6765	2	12.3736744	5.5904398	3.8702116
442	6245	2	12.3736725	3.95162678	3.8702116
4683	7286	2	12.3655329	5.42313814	22.8987503
5374	7381	1	12.3645344	4.93626976	15.4808483
418	770	2	12.361063	4.88674355	10.3205652
2515	8027	2	12.3509188	5.06472349	14.5132952
4215	4403	1	12.3499203	4.49196625	7.09538889
335	5005	1	12.3484468	6.26990604	16.7709198
2801	8440	1	12.3484449	5.10062218	16.770916
3490	8866	2	12.3484449	4.82662249	16.7709198
5192	7740	2	12.3474445	5.68747282	9.35301018
230	9493	1	12.3383055	0.703223228	20.963644
2784	7617	2	12.3383036	4.93232393	20.9636459
447	5245	1	12.3271618	5.85383224	17.738472
1376	5962	1	12.3261604	2.1246891	10.3205662
319	4706	2	12.313549	5.88672924	16.7709198
4251	8305	1	12.3058786	1.0757246	18.7060261
5102	9557	1	12.3048763	4.4095459	11.2881184
4419	7335	2	12.3024044	2.56652641	13.545742
9296	9421	1	12.3024025	1.51655865	13.545743
87	4934	1	12.3024006	4.78824615	13.545742
3924	7629	1	12.3009338	3.60835743	23.2212715
2201	3643	2	12.2922649	4.79071665	17.738472
5803	7360	1	12.292263	5.1739006	17.738472
3628	6587	1	12.2912617	0.693553925	10.3205662
281	6407	1	12.2912598	6.16667843	10.3205643
4140	8022	1	12.2897911	4.502635	19.9960976
2631	3436	2	12.2887869	3.70338345	12.5781879
986	1308	2	12.2811184	5.66124344	14.5132933
3315	4651	1	12.2751713	5.83921337	11.6106339
1888	7835	1	12.2675047	5.36347961	13.5457382
687	2087	2	12.2640295	5.08500385	8.3854599
8472	9460	1	12.2563601	3.5254097	10.3205643
2194	8249	1	12.2553596	5.76988316	2.90265846
4464	9270	1	12.2553577	4.23924446	2.90265656
1854	3423	2	12.25389	4.99345493	12.5781889
2118	8019	2	12.2538872	5.10062456	12.5781898
6045	7000	1	12.2514143	3.74842548	14.8358135
4834	9580	1	12.2326059	4.22910118	13.5457411
6639	9081	2	12.2301321	3.93901443	15.8033657
2457	3100	2	12.2301311	5.91248989	15.8033638
5889	8346	2	12.2301302	3.6660099	15.8033657
5015	5991	1	12.2301283	1.69453239	15.8033657
4142	8494	2	12.2189884	4.69469166	12.5781889
3285	3792	1	12.2189865	3.94147873	12.5781879
298	5837	2	12.2189865	3.73828316	12.5781879
1471	6516	1	12.2165155	2.35117817	14.8358107
3404	4418	2	12.208849	4.20387459	16.7709217
1254	4657	2	12.2088451	4.65979338	16.770916
2649	7168	2	12.2078476	3.86921024	9.35301399
2244	6608	1	12.206377	2.29599953	19.0285416
6596	6998	2	12.206377	5.25631237	19.0285473
1225	5824	1	12.1977053	3.20041752	13.545742
1449	6145	2	12.1840887	5.67586136	12.5781879
8163	8223	2	12.1816177	1.38610363	14.8358135
590	6350	2	12.1816149	4.41821623	14.8358126
2167	6428	1	12.1816139	4.01227951	14.8358116
1831	3829	2	12.1739492	2.74944401	16.7709198
5051	9453	2	12.1724777	3.30858898	26.4464531
2210	3732	2	12.1714725	4.04818535	19.0285416
5697	8309	1	12.1704731	2.79448414	11.6106358
746	757	2	12.1603365	3.29745388	15.8033657
6936	7032	1	12.1603308	3.49151134	15.8033648
7087	8194	2	12.1578608	4.64617729	18.0609913
270	5496	1	12.1477213	4.09917736	22.2537231
2165	8958	2	12.1467171	4.91004038	14.8358135
69	6362	2	12.1467133	3.92886353	14.8358116
6133	8120	1	12.1447144	4.35902929	0
972	1762	1	12.1442432	6.40183544	17.0934391
1814	4259	1	12.1355734	3.29644394	11.6106386
5800	9274	2	12.1355724	4.26152611	11.6106377
2474	5681	1	12.1355724	3.88182068	11.6106358
2327	5612	2	12.1254311	4.92365217	15.8033657
4459	8936	1	12.1229591	5.24369764	18.0609875
561	2147	1	12.1219578	3.07862568	10.6430817
2745	6650	1	12.1142912	5.6758585	12.5781898
5068	7167	2	12.1128197	5.20632744	22.2537193
2108	4270	2	12.1128197	3.05587387	22.2537212
3501	8339	2	12.1006746	5.65010166	11.6106377
1723	2178	1	12.1006737	5.01867771	11.6106339
3472	7687	1	12.1006727	2.35365295	11.6106367
6585	7782	1	12.0996723	6.14958906	4.192729
1627	9384	2	12.0982027	4.24024677	13.8682613
875	3742	1	12.0895309	4.52933121	8.38545895
5096	8026	1	12.087059	6.95131016	10.6430807
1778	6115	2	12.087059	1.33859062	10.6430817
6100	8533	2	12.0870571	1.39724445	10.6430836
5349	8410	2	12.0855856	3.62863255	20.3186111
307	1704	2	12.0769186	2.72121239	14.8358126
3331	4326	2	12.0769176	3.06949139	14.8358145
8551	8950	2	12.0657749	3.54669189	11.6106367
3570	7537	2	12.063303	5.80432034	13.8682613
1321	7266	1	12.0531607	3.61749363	18.0609894
2426	8103	1	12.0521603	3.6189642	10.6430836
1761	2356	2	12.0521603	2.8667593	10.6430845
3265	4351	2	12.0521584	5.57782555	10.6430836
620	1191	2	12.0521584	4.03604031	10.6430836
1709	9185	2	12.0521584	5.09961987	10.6430826
4671	6828	2	12.0521584	4.20434189	10.6430817
1150	5538	2	12.0521574	5.48179865	10.6430826
9419	9446	2	12.0496845	5.82907677	12.9007072
2211	4255	2	12.042017	2.92888641	14.8358145
1610	9668	1	12.0395451	2.43459702	17.0934353
7109	8402	2	12.0385408	2.05488968	9.67553043
64	2053	2	12.0294075	2.13783836	21.2861671
2651	9287	1	12.0294018	5.1961832	21.2861671
2635	3450	2	12.0284004	5.16275597	13.8682594
62	6814	1	12.0172596	3.75089741	10.6430836
1437	4323	2	12.0147867	5.87759495	12.9007072
6160	8926	1	12.006115	5.6500988	7.41790581
1657	8470	1	12.0061131	3.6330452	7.41790724
5123	9681	1	12.0036469	4.98130989	9.67553234
4772	6420	1	11.9935026	3.06949043	13.8682623
322	6956	1	11.9925013	4.50210142	6.4503541
43	5184	1	11.9924984	5.33005238	6.45035362
5603	9516	1	11.9823599	2.689785	10.6430836
869	8199	2	11.982358	4.69616175	10.6430817
2164	3264	1	11.9808884	2.46035671	20.3186111
1351	3543	2	11.979887	3.40462017	12.9007092
769	3824	1	11.9798861	3.9288702	12.9007072
2661	8434	2	11.9798851	3.49917889	12.9007063
3357	6455	1	11.9697437	4.29990244	17.0934353
5946	7183	2	11.9687424	4.19172716	9.67553043
5692	6681	2	11.9672747	5.8402133	19.3510571
4608	6383	1	11.9586048	1.13685322	13.8682604
3400	5564	2	11.956131	2.23386669	16.125885
6426	8450	2	11.9551258	3.05734062	8.70797729
3739	7172	1	11.9474602	4.85037899	10.6430836
840	5853	1	11.9449883	3.44052505	12.9007072
2479	6399	2	11.9449873	4.72959232	12.9007063
824	1455	2	11.9449844	4.46920395	12.9007063
4260	8405	1	11.9449835	3.97638178	12.9007082
1016	2335	1	11.9425163	3.91772747	15.1583328
3612	7596	1	11.9348459	4.13407421	17.0934372
708	8361	2	11.9338436	2.50687027	9.67552948
4401	6048	1	11.9328423	3.71399021	2.25762367
2728	5989	1	11.932373	3.64125156	19.3510609
593	1022	1	11.9226999	3.86920929	6.45035267
2196	5439	1	11.9212284	4.63503361	16.1258793
7737	8039	2	11.920229	1.64895916	8.70797825
1904	7092	2	11.920228	6.23647594	8.7079792
1764	4185	1	11.9110889	2.72568607	20.3186111
2584	3132	1	11.9100857	4.61227465	12.9007063
3605	8671	2	11.9100857	3.9313426	12.9007072
3249	7006	2	11.908617	1.83907509	22.5762386
1592	7219	1	11.9051409	5.73204374	17.4159546
5943	9256	1	11.8964701	4.92164803	11.9331551
7282	9264	1	11.881382	4.39445496	20.6411324
2859	8579	2	11.8727169	4.80186129	15.1583319
4335	6594	1	11.8717127	1.19451237	7.74042511
5228	7093	1	11.8702412	5.14666605	17.4159546
636	5443	1	11.866766	4.03604794	12.2556715
1373	6971	1	11.8590984	1.4185257	14.1907787
3429	4222	2	11.8504286	4.76596069	8.70797729
5121	8513	1	11.8504276	4.98130798	8.70797825
4779	9277	2	11.8479557	4.34594584	10.9656029
483	7058	2	11.8454847	5.7320466	13.2232275
2911	3962	2	11.8402891	4.34989166	12.9007082
8275	8860	1	11.8378162	4.72959137	15.158329
1439	4501	1	11.8368139	5.17437077	7.74042606
5860	7719	1	11.8256693	3.03258419	4.51524687
5092	8515	1	11.8242016	2.80810547	14.1907778
1798	4760	1	11.8140602	3.64225578	18.3835106
1729	6803	1	11.8140583	5.39938641	18.3835068
3902	4247	2	11.8140583	5.18403959	18.3835068
2435	4874	1	11.813055	3.14075851	10.9656
1680	1702	1	11.813055	4.07093906	10.9656029
7369	7675	2	11.8105841	4.88528061	13.2232246
4757	4824	2	11.8004465	4.67093849	17.4159546
1046	5423	1	11.7994385	3.80954981	9.99804783
1840	3216	2	11.7893	3.76451302	14.1907778
1409	7023	1	11.7791605	3.81156158	18.3835106
5295	9365	2	11.7791595	5.7941761	18.3835087
1653	2400	2	11.7791576	4.33627796	18.3835068
1371	5580	1	11.7791576	0.252718925	18.3835087
5014	6492	2	11.7781563	3.78680086	10.965601
1605	9388	2	11.7781534	2.61504078	10.9656
2094	2909	2	11.7756844	4.97883415	13.2232246
845	1984	1	11.7756824	4.03604031	13.2232246
5972	7511	2	11.7756815	0.177970886	13.2232246
656	684	1	11.774683	4.72859097	5.80531597
156	2031	1	11.7680168	3.97838593	15.1583328
473	1122	1	11.768014	3.84792662	15.1583309
728	5661	2	11.765543	1.27645493	17.4159546
2788	8720	2	11.765543	4.38331604	17.4159546
4225	9671	2	11.765543	2.78534603	17.4159546
7208	7429	1	11.765543	4.51277542	17.4159546
742	9306	1	11.7655392	3.2974472	17.4159508
4662	7345	2	11.7645407	5.64762497	9.99804688
5420	5625	1	11.7645407	5.44689798	9.99804783
116	9613	1	11.7620659	1.70714474	12.2556725
3777	6088	1	11.7554016	2.35565662	21.6086826
6571	7613	1	11.7544003	2.06603432	14.1907797
7154	8086	2	11.7533989	3.11947632	6.77287197
1205	9582	1	11.7519264	1.18289757	16.4483986
5731	9126	1	11.744256	3.01230431	18.3835087
910	9176	2	11.7407856	3.95262527	13.2232246
425	8202	2	11.7306442	3.47689629	17.4159546
4286	9056	1	11.7281704	4.41921949	19.6735744
5110	7267	2	11.727169	5.03849125	12.2556705
479	7775	1	11.7195015	5.01721144	14.1907787
1284	6329	1	11.7195015	5.25878477	14.1907749
129	7919	2	11.7195005	3.23779106	14.1907797
2255	8946	1	11.7194996	5.13799763	14.1907787
4742	8046	2	11.7184992	4.03604174	6.77287006
4226	7885	1	11.7184963	5.26892233	6.77286959
5106	7709	2	11.7180281	4.10684299	23.8663044
4942	6003	1	11.7083578	4.52786446	10.9656019
3276	9092	1	11.7083569	2.34251022	10.9656029
4124	6514	1	11.7068863	3.83283997	20.6411304
7487	8125	2	11.7058859	2.84300327	13.2232256
2992	8327	1	11.7058811	4.88527536	13.2232246
3293	8186	1	11.7044125	4.9570837	22.8987541
1424	5313	1	11.7024088	5.29020786	8.0629406
5177	9174	2	11.6922665	0.788106918	12.2556705
935	3810	2	11.6846008	4.16897488	14.1907787
842	8815	2	11.6831274	4.10931206	23.8663063
1914	6435	2	11.6821289	3.92019749	16.4484043
5865	9109	1	11.6821289	3.09324551	16.4484024
2639	4420	2	11.682128	3.44052315	16.4484024
3837	7864	2	11.682127	3.28630543	16.4484005
5367	8084	2	11.6811247	3.34395885	9.03049469
2160	5293	2	11.679657	3.70090866	18.7060242
8706	9269	2	11.6786499	4.67240667	11.2881184
3309	4070	1	11.6709843	5.55507183	13.2232246
2049	7033	1	11.6709843	4.93379307	13.2232256
1374	3162	1	11.6675091	3.5219326	8.06294155
683	8261	2	11.6675091	5.40952492	8.0629406
6992	8889	1	11.6608429	4.21648788	17.4159546
4006	5559	1	11.6573687	5.07339287	12.2556734
1075	2152	1	11.6573677	3.74842262	12.2556705
2153	5874	1	11.6573677	5.37462473	12.2556696
1689	3843	1	11.6573668	3.76203823	12.2556705
543	6194	1	11.6563644	4.24071789	4.83776379
1660	3300	1	11.6548977	4.77563143	14.5132952
4727	8618	2	11.6472282	2.91380501	16.4484024
4438	4498	2	11.6462259	3.97885704	9.03049564
73	8260	1	11.6437531	5.11223698	11.2881203
2579	6863	1	11.6437531	0.88166523	11.2881193
2949	6583	1	11.6437521	4.0622673	11.2881184
5968	8959	2	11.6360865	4.64718056	13.2232265
1289	7679	1	11.6336145	3.30758858	15.4808493
1103	7758	1	11.6336136	1.52917385	15.4808502
9022	9345	2	11.6336136	2.3521843	15.4808502
7680	9357	1	11.6336136	2.83185959	15.4808483
1643	7235	2	11.6336126	2.8925209	15.4808455
1062	4212	1	11.6326103	3.41723537	8.06293964
3365	3664	1	11.6311388	2.23386669	17.738472
3256	6551	2	11.6234713	2.54377174	19.6735783
2683	8939	2	11.619997	3.4744215	14.5132961
6067	8481	1	11.6199951	0.34480381	14.5132961
5617	8175	1	11.6113272	2.01999283	9.03049469
4415	5109	1	11.6113243	3.88182306	9.03049564
6034	9335	2	11.6098576	2.72221279	18.7060261
6143	8910	2	11.6098566	4.59866476	18.706028
3689	4674	1	11.6098528	2.59376144	18.7060261
5861	6599	2	11.6088524	4.33479977	11.2881165
2765	9382	1	11.6078501	4.90702915	3.87021065
6090	9596	1	11.598711	3.63257885	15.4808483
6725	8300	2	11.5952377	5.11223412	10.3205662
3859	6347	2	11.5875692	5.11323833	12.2556725
1890	5115	1	11.5816212	3.35510063	9.35301208
170	5561	1	11.5739546	4.03704548	11.2881165
4944	5344	1	11.5739536	2.85414314	11.2881184
477	3163	1	11.5739536	3.91872883	11.2881184
5913	7542	2	11.5739536	5.60258484	11.2881184
2912	7177	2	11.5739508	4.34741259	11.2881184
6242	9540	2	11.5729513	2.31775093	3.87021208
5113	5129	2	11.572485	4.25239468	20.9636478
7912	8049	2	11.5593367	2.90165806	2.90265751
1607	4497	1	11.5536709	3.75189924	19.6735764
7492	9205	1	11.5516672	4.37364149	4.83776522
5904	9206	1	11.5501957	5.93624687	14.5132952
6604	8117	1	11.5491962	4.17044353	7.09538984
914	8925	2	11.5477257	0.940320015	16.7709198
4629	9571	1	11.5400562	1.14900208	18.7060242
7423	8404	1	11.5400553	2.74944496	18.7060242
7640	8969	2	11.5400543	4.58751774	18.7060223
3948	4568	2	11.539052	3.59521008	11.2881184
6518	8761	2	11.536581	3.36724949	13.5457401
1864	9666	1	11.5355816	1.93410778	6.12783623
4441	9134	2	11.5289164	3.00983334	15.4808502
7027	7720	2	11.5289125	3.97985697	15.4808483
3142	5729	2	11.5264416	1.49179554	17.738472
1052	8749	2	11.5264397	4.6684618	17.738472
67	7595	1	11.5254345	0.776968956	10.3205633
3087	8114	2	11.5239687	4.59719086	19.9960957
5504	5704	2	11.5229654	2.80462837	12.5781879
3457	7659	2	11.5152988	1.55293465	14.513298
81	2618	1	11.5152969	2.9138031	14.5132952
3530	8437	2	11.512825	4.71597528	16.7709179
1650	2632	1	11.5128241	5.160285	16.7709179
3584	5982	2	11.5051537	3.39200401	18.7060242
5392	7852	2	11.4915428	2.89151764	17.7384739
4702	5730	2	11.4905376	3.58406401	10.3205671
3048	7001	2	11.4905376	4.98230696	10.3205662
3259	5977	1	11.4905376	4.50163221	10.3205662
6744	9207	1	11.4895353	2.98754215	2.90265846
6651	7877	2	11.4880657	2.11107254	12.5781898
7182	8453	2	11.4880648	5.82907486	12.5781908
638	3109	1	11.4880638	5.39838314	12.5781889
4524	5609	1	11.4779234	3.31973457	16.7709198
4060	4377	2	11.476923	0.572762489	9.35301304
2367	2822	1	11.4692545	0.706163406	11.2881193
2459	3561	1	11.4692516	2.1878233	11.2881165
4271	6703	1	11.4667826	5.05210876	13.545743
859	1010	2	11.4667816	5.41199827	13.545742
432	2024	2	11.4657784	1.08734035	6.12783623
393	1082	1	11.4643059	2.95883751	15.8033667
91	8377	1	11.4566383	2.34350967	17.738472
4126	7465	2	11.4556379	2.00737953	10.3205652
158	4621	1	11.453167	1.65863037	12.578186
5235	8776	1	11.4516964	0.704697609	22.2537174
2480	6438	2	11.4454985	4.12192631	14.5132961
6410	9424	2	11.4430256	2.34103966	16.7709198
5435	6170	1	11.4420233	4.43430614	9.35301208
1169	2869	1	11.4182692	3.96871662	12.5781918
4749	7942	2	11.4182653	3.99866867	12.5781908
681	1366	1	11.4182653	1.88658905	12.5781898
3469	8535	1	11.4182644	1.158144	12.5781889
725	2533	2	11.4182644	3.41823483	12.5781908
6377	7150	2	11.3945122	4.11031866	15.8033676
7721	9061	1	11.3722229	2.68878269	9.35301113
1948	7731	1	11.3697519	5.74566126	11.6106348
1679	6690	1	11.36975	3.64372301	11.6106348
2074	8547	1	11.3610811	5.11323929	6.1278367
5917	6416	2	11.3596115	1.42300606	15.8033667
231	2783	1	11.3596087	0.656176567	15.8033667
3102	4888	2	11.3576078	3.37886333	0.967553139
1828	6290	1	11.3571396	4.62241983	18.0609894
8965	9243	1	11.3571377	4.28728867	18.0609894
3864	6078	2	11.3561344	4.79939175	10.6430836
2714	8798	1	11.3494673	4.00314713	19.9960938
3665	9341	1	11.348464	3.34596539	12.5781879
4652	4681	1	11.345994	3.43952274	14.8358135
8237	8299	2	11.345994	4.19172621	14.8358145
4193	8158	2	11.3449898	3.90410805	7.41790438
3290	7245	1	11.3373241	3.63258123	9.35301304
76	2073	1	11.3358536	3.34596443	19.0285435
63	404	2	11.3358536	3.38086939	19.0285454
1213	2405	1	11.3247118	3.68876457	15.8033657
1116	7545	1	11.3247108	3.65633535	15.8033667
3487	6015	2	11.322237	3.21256447	18.0609894
174	3711	1	11.3212376	2.87442684	10.6430836
7340	8909	2	11.3212347	3.54669189	10.6430836
61	6209	2	11.3212337	4.59766197	10.6430836
6807	8501	2	11.3135653	3.20289516	12.5781898
6668	8603	2	11.3120937	3.68062782	22.2537155
3184	9286	1	11.307621	3.47442436	9.67553139
6240	7228	1	11.2999516	3.05834675	11.6106358
3158	7302	1	11.2999496	3.50064564	11.6106358
3468	8563	2	11.2974796	2.69745445	13.8682613
50	7833	1	11.2974796	2.51800728	13.8682585
1727	4479	1	11.2898121	3.77565432	15.8033686
3944	5176	1	11.2863369	5.30235577	10.6430817
1986	5664	2	11.286335	2.8531456	10.6430836
1329	8813	1	11.2761955	4.10931587	14.8358135
4572	9263	1	11.2751923	1.72122955	7.41790533
1965	8247	1	11.2727194	1.46851826	9.67553139
2627	3666	1	11.2650528	1.58782482	11.6106358
2170	8842	1	11.2504339	3.68109703	3.22517586
5139	7982	1	11.2489614	4.51424789	12.9007072
2192	6617	2	11.2402945	4.78971863	7.41790771
1985	2776	2	11.2388258	3.23779106	17.0934391
1253	9331	2	11.2276821	0.276473045	13.8682594
474	5728	1	11.2266769	2.41130543	6.45035315
3017	5996	1	11.2175379	1.54031658	18.0609913
385	9175	1	11.2140665	4.71597576	12.9007092
3631	6025	1	11.2130604	4.59913635	5.48279905
2301	2332	2	11.202919	4.6577878	9.67552948
548	6019	2	11.2019176	1.87444496	2.25762558
381	6795	2	11.1816368	1.68386555	10.6430836
3304	7430	2	11.1816349	3.30758667	10.6430836
5131	6043	1	11.1791668	1.61259174	12.9007092
3871	7237	2	11.179163	2.66255188	12.9007053
828	2104	1	11.179163	3.11700249	12.9007072
809	6565	2	11.1766949	4.95507669	15.1583319
523	5449	1	11.1756878	2.08979034	7.74042463
6305	7997	1	11.1690235	4.5491457	17.0934353
3095	9107	2	11.1690235	3.32120705	17.0934372
1328	7350	2	11.1680222	2.34003258	9.67552948
5053	5474	2	11.1680193	5.28006792	9.67553043
1539	3195	2	11.1655483	2.55538082	11.9331532
2383	5137	2	11.155407	4.62241936	16.1258812
8523	9123	1	11.1544046	2.25662136	8.70797729
586	5394	1	11.1452684	2.7717371	20.318615
3616	8208	2	11.1452656	1.91034889	20.3186111
2019	5135	2	11.1452646	1.30221558	20.3186111
2590	8658	2	11.1442633	4.06079912	12.9007063
784	8614	1	11.1351213	3.9211998	24.5113411
1599	3913	1	11.1341238	3.85659742	17.0934372
265	8433	2	11.1341228	3.07196236	17.0934334
920	4924	1	11.1341209	3.11800289	17.0934334
3704	6439	1	11.1331215	4.21795845	9.67553139
4518	8212	1	11.1316481	1.14552402	19.351059
2828	8311	2	11.1306496	4.21648788	11.9331532
1765	5767	1	11.1205082	4.32365608	16.1258831
4865	8745	2	11.1205072	3.11800385	16.1258831
1130	5237	2	11.1205072	4.66079426	16.1258812
1275	2893	2	11.1205063	3.84792709	16.1258793
6218	7424	2	11.1205063	4.21895599	16.1258831
2222	4191	2	11.1195049	4.28775787	8.70797729
3019	6809	1	11.1180353	2.53262997	18.3835068
227	1858	2	11.1093645	1.36234188	12.9007072
7116	7597	2	11.1093626	1.74351692	12.9007072
527	8567	2	11.1083622	1.30021191	5.48279953
5741	8897	1	11.1058903	4.31251431	7.74042416
2331	4345	1	11.1058903	2.43606186	7.74042416
200	6569	2	11.0957508	3.85907125	11.9331551
6620	9074	2	11.0957489	3.09324551	11.9331532
4920	7455	2	11.0957489	3.60782242	11.9331551
119	9155	1	11.0957489	1.90020657	11.9331522
3284	8357	2	11.0932741	3.42690468	14.1907768
5351	7717	2	11.0856094	3.46328068	16.125885
7501	9352	1	11.0856075	2.38955402	16.125885
1178	2464	1	11.0856075	2.4157877	16.1258831
6966	8642	1	11.0831337	4.09817743	18.3835087
3239	7694	1	11.0821323	3.61796093	10.9655991
3862	9247	1	11.0719929	0.597522736	15.15833
6214	7892	2	11.0608501	1.38609791	11.9331551
515	7805	1	11.0608482	4.07341337	11.9331541
1352	8607	2	11.0573759	3.64272213	6.77287006
754	1322	2	11.0507107	0.537864685	16.125885
2693	9531	1	11.0472326	4.66993141	10.9656019
5465	6256	1	11.0472326	3.73727751	10.9655991
711	5074	2	11.0472298	1.55392838	10.965601
297	8242	2	11.0462294	3.23531771	3.54769516
2760	5749	1	11.0370941	2.70093155	15.1583309
4446	6584	2	11.0370922	3.5613122	15.1583328
776	4817	1	11.0370913	2.99868584	15.15833
1572	3932	1	11.036087	3.74989462	7.7404232
3099	6424	2	11.0234747	4.29990101	14.1907749
150	1242	2	11.0234737	2.91380119	14.1907768
371	3698	1	11.0123358	1.43314552	10.965601
8626	9349	2	11.0098572	3.45066309	13.2232218
8484	9285	1	10.9997225	2.13683796	17.4159546
1961	8516	1	10.9997206	4.26252794	17.4159546
1934	3876	2	10.9987173	2.43606567	9.99804878
2035	8512	1	10.9972496	0.907429695	19.6735764
391	9115	2	10.9920492	1.86530495	19.351059
3316	4846	1	10.9910507	1.72223663	11.9331551
1419	5668	1	10.9900455	2.99768209	4.51524448
992	1236	2	10.9885778	3.68976688	14.1907768
3466	8829	2	10.988575	1.08833694	14.1907768
4016	8454	2	10.9885731	2.46182251	14.1907749
1900	9408	2	10.9875755	2.35365391	6.77287006
4036	7309	1	10.9875746	1.67024231	6.77287197
6710	8792	1	10.9875727	2.96031094	6.77286911
4910	8266	1	10.9774323	4.76943636	10.9656
905	2523	2	10.9749603	0.920038223	13.2232246
6262	6831	1	10.9749594	4.83923817	13.2232246
3941	4252	1	10.9672937	3.81055355	15.158329
760	2322	2	10.9648218	2.55638695	17.4159584
4175	7034	2	10.9638166	4.19172859	9.99804878
5651	9012	1	10.952672	3.72713709	6.77287006
709	2930	2	10.9512043	3.9187336	16.4484024
3289	9400	1	10.9512005	4.49295902	16.4484024
3384	7377	2	10.9425335	2.52048206	10.9655991
45	260	2	10.941062	3.52393818	20.6411285
4710	8028	1	10.9400644	2.06603432	13.2232246
3745	5126	2	10.9400558	0.977690697	13.2232246
4133	7961	2	10.9390564	4.84690094	5.80531597
3410	3417	2	10.9313898	3.32267618	7.74042416
1431	3010	1	10.9289198	2.54176712	9.99804878
980	5273	1	10.9289179	2.23533821	9.99804783
66	4084	1	10.9289169	5.1718936	9.99804878
1290	2675	1	10.9197807	2.88137627	21.6086845
1387	5519	1	10.9187746	2.28385448	14.1907749
6008	8777	1	10.9162989	2.82938194	16.4483986
1695	7451	2	10.9153023	1.97248268	9.03049564
4918	5458	2	10.9076338	3.10586214	10.9656029
5967	7541	1	10.9066324	2.54571056	3.54769325
7318	8916	1	10.9066305	2.43954086	3.54769468
279	5058	1	10.9061642	3.62096882	20.6411304
2857	4008	1	10.9051628	2.74596786	13.2232256
1262	5854	1	10.9051619	1.16161442	13.2232246
2257	2336	1	10.9041595	3.89544296	5.80531788
790	9220	2	10.8838768	2.880373	14.1907778
302	6328	2	10.8804016	4.50062799	9.03049469
2089	2792	2	10.8727341	1.69747448	10.965601
2428	6464	2	10.8712645	2.60489845	20.6411324
3912	9628	1	10.8702641	3.31873465	13.2232256
5165	7570	1	10.8702612	3.98999548	13.2232227
806	7647	1	10.866787	3.65286064	8.06294155
3018	8171	1	10.8591175	3.64371967	9.99804878
6335	6469	2	10.8566456	3.17666245	12.2556705
3673	4480	1	10.8566446	4.063272	12.2556734
6221	7620	2	10.8566437	4.58651543	12.2556705
5678	5774	2	10.8479748	1.77322102	6.77287102
1936	9250	1	10.8465061	4.00113869	16.4484024
2815	5506	1	10.8465042	1.87397671	16.4484005
8713	9444	2	10.8445015	4.70383072	1.61258698
1417	8364	1	10.8440323	3.53508186	18.7060242
4325	5308	1	10.8440323	1.58635712	18.7060242
7320	7486	2	10.8328876	3.03606176	15.4808483
2916	7171	1	10.8328876	1.20418262	15.4808493
3893	8323	1	10.8304195	3.37738991	17.738472
3607	4409	1	10.8217487	2.36479473	12.2556696
4045	5040	1	10.8116045	1.34872627	16.4484005
1119	6252	1	10.8106041	2.67717457	9.03049469
3196	9604	2	10.8106022	3.33234787	9.03049469
2871	8506	2	10.8106012	2.52295589	9.03049469
2655	8400	1	10.8091316	3.72567129	18.7060261
4278	7364	1	10.8081322	1.61158466	11.2881193
8586	9508	1	10.8081312	2.46182919	11.2881184
4199	9159	1	10.8081303	4.51424503	11.2881184
8455	8820	2	10.8081284	3.55783463	11.2881184
3981	7688	2	10.8004637	1.75813675	13.2232265
2999	3779	1	10.7994585	3.63258123	5.80531788
1260	7290	1	10.7979898	3.34596586	15.4808483
2870	9158	1	10.7979889	2.49672699	15.4808464
2236	3126	2	10.7979889	3.85806751	15.4808474
3802	8503	2	10.7969875	4.46820164	8.06294155
3229	7774	2	10.7893181	1.72122955	9.99804688
3467	5009	1	10.7843761	4.28628492	14.5132942
1059	4972	2	10.7843723	3.14176178	14.513298
4077	7445	2	10.783371	3.1397562	7.09538698
5660	9436	2	10.7742357	0.0708045959	18.706028
8085	8733	2	10.7732277	0.382638931	11.2881193
3851	5345	1	10.7722292	3.12861347	3.87021208
145	5059	2	10.763092	1.86283779	15.4808502
818	3586	2	10.7630911	3.90758705	15.4808512
878	3327	2	10.7630892	1.85168934	15.4808483
7157	8963	1	10.7630882	1.66110611	15.4808464
4696	7964	2	10.7606153	2.2687664	17.738472
3485	5511	1	10.7596159	0.0571880341	10.3205652
2680	6958	2	10.759614	4.65631628	10.3205643
273	5667	2	10.7504778	0.430695534	21.9312019
5159	6726	2	10.7494745	4.92265415	14.5132952
151	625	1	10.7494736	0.632422447	14.5132961
5819	5969	1	10.7494717	1.97000313	14.5132952
2778	7180	1	10.7484722	3.94148302	7.09538794
6017	8851	2	10.7393312	2.2101078	18.7060242
3279	4314	2	10.7383318	4.34741354	11.2881184
2369	4505	2	10.7383289	2.97493076	11.2881174
6640	7120	2	10.7358561	4.897892	13.545742
7265	9322	2	10.7271862	2.42344856	8.06294155
1031	4778	2	10.7257147	2.06703758	17.738472
1947	3834	2	10.7145758	1.553936	14.5132961
6576	8217	2	10.7145748	2.77073002	14.5132942
3863	9234	2	10.7145739	1.14699745	14.5132952
2472	4619	1	10.7121048	2.9860754	16.7709198
6734	7670	2	10.7121019	4.74073458	16.7709198
8051	9314	2	10.7121	3.36724472	16.7709198
2501	8382	1	10.7034349	3.11800957	11.2881193
5198	9193	1	10.7034302	2.23386765	11.2881184
6486	7035	2	10.7034302	1.98261833	11.2881184
3144	7761	2	10.7019644	2.26977444	20.9636459
1906	6833	2	10.7009583	3.38086605	13.545742
238	5480	1	10.7009573	1.34972572	13.545742
5740	7988	1	10.6908169	2.70193005	17.738472
348	1304	1	10.6908169	4.18058443	17.7384739
510	2092	2	10.6898165	2.35365391	10.3205652
2695	3007	1	10.6898146	1.11062717	10.3205652
2324	6520	2	10.6898127	4.46673107	10.3205662
6577	9030	1	10.6811438	3.26054192	4.83776474
4083	7765	2	10.6786728	4.44591618	7.09538841
282	7359	1	10.6786709	1.09948349	7.09538984
4319	7662	1	10.6772032	2.72221375	16.7709198
4025	6783	2	10.6761999	3.94248343	9.35301208
5652	6425	1	10.6685314	3.84692192	11.2881203
864	2216	2	10.6675301	2.64026546	3.87021112
1451	3942	2	10.6660604	3.18927336	13.545742
246	5748	2	10.6573887	2.23433399	8.0629425
1402	8765	2	10.6559181	1.24402905	17.738472
1467	4455	1	10.652442	2.92641163	12.5781918
2529	7832	2	10.652441	2.00490189	12.5781889
960	4740	2	10.6437702	3.33134556	7.09538794
1325	2140	1	10.6413012	2.25562	9.35301208
3044	9359	1	10.6311617	3.69123697	13.5457439
4341	5440	1	10.6311607	2.19897079	13.545742
892	7998	1	10.6311607	0.753211021	13.545743
3540	8571	2	10.6301556	2.07864857	6.12783575
808	6815	1	10.6286869	4.1927309	15.8033657
1133	4248	2	10.626215	3.65239525	18.0609894
2141	7195	1	10.6190138	2.77467012	2.90265846
4611	5695	2	10.6175442	2.99869061	12.5781898
96	2285	2	10.6175432	1.21780014	12.5781879
2905	5091	2	10.614069	2.14698315	7.41790581
4379	6870	2	10.6140661	3.79840469	7.4179039
1892	5347	1	10.6088734	2.79595757	7.09538937
2311	2682	2	10.6039257	2.19549561	11.6106358
240	2241	2	10.5962601	3.23879385	13.545742
1553	3702	2	10.5937881	3.32120609	15.8033667
6270	7634	2	10.5927849	3.98899651	8.38545799
2316	6602	1	10.5826435	2.60242748	12.5781889
700	2679	1	10.5801725	3.56131172	14.8358126
459	585	2	10.5801697	1.13190842	14.8358135
2390	4724	2	10.5714989	2.46082401	9.35301304
6302	7874	2	10.5690289	3.13975763	11.6106358
1598	3620	2	10.5690279	2.90165758	11.6106367
7283	9614	2	10.5578852	2.38855839	8.38546085
5503	7723	1	10.5477438	2.33089828	12.5781898
5974	7270	2	10.5477428	3.89296579	12.5781898
17	8736	1	10.5351305	0.752207756	19.0285416
1609	2111	1	10.5341282	3.28630543	11.6106358
38	9017	1	10.5316553	4.9686923	13.8682585
3402	6177	2	10.5249882	2.07817745	23.2212696
4532	5960	2	10.5239849	1.51555634	15.8033657
5850	9231	1	10.5219822	2.87837029	0.967553139
3685	5448	1	10.512845	2.94003344	12.5781898
3068	3515	1	10.5128441	1.68586349	12.5781879
1064	3968	2	10.5128441	2.25762653	12.5781908
852	2455	2	10.510375	2.46082783	14.8358135
3471	5809	1	10.5103722	3.71599627	14.8358097
2861	2924	2	10.5103722	3.03358984	14.8358126
367	2572	2	10.5103703	1.82793427	14.8358135
5573	9246	2	10.5002327	2.08932781	19.0285454
253	8201	1	10.4967566	1.39724541	13.8682613
2762	9440	2	10.4856119	2.65241814	10.6430855
955	5080	1	10.4729996	2.4244566	17.0934372
407	1021	2	10.4643288	2.15192318	11.6106358
5878	9058	1	10.4643269	4.31104374	11.6106358
2037	4153	1	10.4628582	2.66355705	21.2861633
3770	5940	2	10.4628563	2.72321415	21.2861633
3185	7700	2	10.4517117	2.50786686	18.0609856
2676	4730	2	10.4507141	2.55538321	10.6430855
2103	6883	1	10.4430447	1.39971542	12.5781898
5606	6787	2	10.4395714	3.00983238	7.41790867
5624	6372	2	10.4380989	3.31973362	17.0934334
6581	8148	2	10.425952	3.52440214	6.45035267
4394	6504	1	10.4182873	2.86923075	8.38545895
3791	6953	2	10.4178181	2.1004715	25.478899
912	2066	2	10.4158144	4.02489853	10.6430845
1930	8646	1	10.414341	3.0108304	20.3186111
753	1330	1	10.4133406	1.74452114	12.9007053
280	1100	1	10.4133396	4.06079769	12.9007072
1881	8520	1	10.4031982	3.76203728	17.0934353
562	7101	2	10.4021978	3.25907373	9.67552948
526	7678	1	10.3945303	0.311375618	11.6106358
4253	4296	2	10.3920574	2.02966595	13.8682594
1208	4101	2	10.3920574	2.57913494	13.8682613
140	7475	2	10.3920574	2.58114862	13.8682604
3479	8742	2	10.3920574	2.06703758	13.8682604
4986	9650	2	10.3809147	4.12092972	10.6430855
4622	6747	2	10.3794441	1.88512039	20.3186131
52	5657	2	10.3784389	2.79548502	12.9007072
4815	8812	1	10.3672981	2.62665272	9.67552853
2767	4822	2	10.35816	2.97493172	21.2861671
2513	7503	1	10.3546867	3.53508186	16.125885
3235	6769	1	10.3536816	3.63010406	8.70797539
911	5072	2	10.3435392	0.00247097015	12.9007053
2263	4017	2	10.3333998	3.41576529	17.0934372
4338	7624	1	10.3333998	2.14031124	17.0934353
49	2365	2	10.3333969	1.8279295	17.0934334
108	1677	2	10.3299255	2.53062439	11.9331532
4699	9416	1	10.3299246	2.46082211	11.9331512
2282	9654	1	10.3212557	0.763350487	6.45035362
5388	8800	2	10.3197861	3.73828411	16.125885
1190	8144	2	10.3197861	3.45460796	16.1258831
94	1725	2	10.3187828	2.71107006	8.70797729
1443	8392	2	10.3086433	0.862855911	12.9007063
3978	5802	2	10.3086405	1.21779919	12.9007092
3812	5371	2	10.2985001	2.71207333	17.0934372
5778	7106	2	10.2950268	3.64472485	11.9331512
3040	3054	2	10.2950249	2.11454964	11.9331541
324	1194	1	10.2940273	1.07472706	4.51524973
6837	9567	1	10.2848854	3.14176273	16.125885
4906	9662	2	10.2727365	2.00537205	5.48280001
4929	7170	2	10.2712698	4.55262184	15.1583328
4169	4267	1	10.2712688	1.8031702	15.1583281
4490	7803	2	10.2601261	2.56899881	11.9331551
2360	8149	1	10.2566509	2.79348183	6.77286911
3051	9655	2	10.2566509	1.79203892	6.77286959
6255	7371	2	10.2499847	2.47297096	16.1258812
8141	9362	2	10.2475138	2.23386765	18.3835068
136	629	1	10.2475128	3.18881416	18.3835068
1184	2477	2	10.2388411	3.84692383	12.9007072
2329	9136	2	10.2373714	2.65441704	22.5762367
4007	5686	2	10.2353687	2.10093498	7.7404232
1593	8178	2	10.2353649	3.72713614	7.74042273
296	4079	1	10.2276983	4.27661324	9.67553043
2169	6842	1	10.2252245	3.78579235	11.9331512
3832	7746	2	10.2242241	0.202196121	4.51524734
3870	8179	2	10.2242241	2.07864571	4.51524734
180	816	2	10.2242241	2.27023697	4.5152483
3303	6150	1	10.2150869	2.36727142	16.1258812
3952	4042	1	10.2116098	1.64895821	10.965601
832	5539	2	10.2116098	4.70830822	10.9656029
5516	6949	1	10.2116098	2.86775494	10.9656
967	2138	1	10.2091398	3.00735855	13.2232246
1877	7784	2	10.2004662	1.89920235	7.74042416
3193	4088	1	10.1903257	2.5316267	11.9331541
4797	9103	1	10.1893244	3.51426697	4.51524687
836	3603	2	10.1868525	3.23431683	6.77287102
1620	7333	2	10.1868515	2.41331387	6.77287102
1857	2687	2	10.1853828	4.34741545	16.4484024
2093	5611	2	10.1777134	1.6125927	18.3835087
3170	7769	2	10.1767111	4.26747608	10.9655991
475	2805	2	10.1767101	1.91034317	10.9656019
998	7349	1	10.1767092	1.52917576	10.9656
5	9223	2	10.1630945	0.358418465	9.99804878
6196	7160	1	10.1630936	2.35118008	9.99804878
1869	4161	2	10.1529551	2.37740898	14.1907787
2592	7876	1	10.150485	2.27891159	16.4484043
3568	8961	1	10.1504803	3.9536314	16.4484005
1252	1544	1	10.1418104	2.32742214	10.965601
3311	6622	2	10.1418104	1.87644958	10.965601
2198	2558	1	10.1247215	1.12223625	4.83776426
812	3371	2	10.1180544	3.93134117	14.1907768
498	8995	2	10.1180525	1.1727581	14.1907768
2251	6117	1	10.117054	3.95409489	6.77287197
1809	3599	1	10.117054	2.81824303	6.77287197
786	1034	1	10.1155815	4.00214291	16.4484005
3904	7692	1	10.1044378	3.28630686	13.2232246
6071	8296	2	10.0932961	0.203203201	9.99804783
4536	6955	2	10.0816822	1.53017235	23.8663025
1086	9276	2	10.0806808	1.82793427	16.4484024
570	4625	1	10.0806799	1.40938473	16.4484024
2718	6433	1	10.0695391	1.27745914	13.2232246
4383	5130	1	10.0695381	3.45560932	13.2232246
2734	8750	2	10.0618706	2.09326506	15.1583309
8922	9200	1	10.0583973	2.1019392	9.99804974
2791	3177	2	10.0467854	3.30959606	23.8663063
5720	7880	2	10.0433092	0.322049141	18.7060223
3867	4399	2	10.0423069	3.42837906	11.2881184
3415	7284	2	10.0346422	2.95017242	13.2232265
1715	4306	1	10.0346403	0.571763992	13.2232265
7483	7685	1	10.0346394	3.23779249	13.2232256
6876	7165	1	10.0346375	2.16306877	13.2232256
2637	9475	2	10.033638	1.41085911	5.80531788
6142	6750	1	10.0311651	0.89427948	8.0629425
3524	4269	2	10.0311623	2.50686455	8.0629425
547	3789	1	10.0210247	3.18927479	12.2556715
762	5340	1	10.0210209	2.44821167	12.2556696
2172	9486	2	10.0200214	2.75858402	4.83776426
4311	8771	1	10.0108833	2.17421055	16.4484024
1737	6354	2	10.0098829	1.55292988	9.0304966
3430	7504	1	10.0098782	0.561616898	9.03049469
3747	5599	1	10.0084085	1.43314552	18.7060242
985	2186	2	10.0074043	3.14175844	11.2881174
5755	6307	1	9.9997406	2.72221375	13.2232256
1229	8545	1	9.99726677	1.82793522	15.4808483
1065	4943	2	9.98612309	0.645039558	12.2556705
761	8896	1	9.98612022	2.45068073	12.2556715
3681	4003	1	9.98365211	3.00882769	14.5132961
2070	8116	1	9.98365021	2.61503983	14.5132961
107	2131	1	9.98364639	3.41676998	14.5132942
2016	3847	1	9.97498322	0.501966476	9.0304966
7010	8645	2	9.97498226	0.776967049	9.03049564
982	1102	1	9.97498131	0.656646729	9.03049564
3517	9044	2	9.97250748	3.82316494	11.2881174
1026	6557	2	9.96336842	2.628654	22.8987541
5266	7642	1	9.95122147	0.930177689	12.2556686
5212	6561	1	9.9487524	1.95886517	14.5132933
2086	8987	1	9.9487505	1.21779537	14.5132933
31	8267	2	9.94108486	0.825482368	16.4484024
2100	4643	1	9.93760681	2.36379147	11.2881193
2604	3176	2	9.93613815	0.882671356	20.9636497
7958	8376	1	9.93513775	1.21780014	13.5457439
1324	7813	2	9.92546177	2.40016365	0.64503479
2067	8491	1	9.92251778	0.881658554	19.9960918
1758	4995	2	9.91632366	2.2828536	12.2556725
2499	7485	2	9.90270996	2.35365486	11.2881203
3131	7118	1	9.90023804	2.4831109	13.545742
860	8134	1	9.90023613	0.177973747	13.545742
1309	6108	2	9.89923477	3.3662467	6.12783527
5311	8222	1	9.89009666	2.15045404	17.738472
874	6913	1	9.8890934	1.83807373	10.3205662
643	7881	2	9.88909245	0.405939102	10.3205652
862	4987	2	9.88909149	3.90657997	10.3205643
6843	7943	1	9.88042164	1.2071228	4.83776522
3573	9280	1	9.87895393	4.02589941	14.5132961
8892	8937	1	9.87895107	2.85661888	14.5132952
4500	5993	1	9.8764801	1.9088769	16.7709198
5895	6388	1	9.86781025	0.166832924	11.2881203
5777	6705	2	9.86780739	2.78682137	11.2881184
54	1381	1	9.86633682	3.42937469	20.9636478
4179	8534	1	9.86533928	3.78579378	13.545743
1746	2903	2	9.86286449	4.14421654	15.8033695
1131	5360	2	9.86286354	3.64225197	15.8033657
5607	5947	1	9.85419369	1.80317688	10.3205652
1805	2724	2	9.85419273	0.500956535	10.3205662
2339	5331	2	9.85419273	2.29399395	10.3205662
1855	8074	1	9.85319138	2.27023411	2.90265846
7015	9403	2	9.84405136	0.801721573	14.5132933
1783	4385	2	9.84305	2.34251213	7.09538841
1717	7779	1	9.84057713	2.11455059	9.35301208
3798	4266	2	9.83810234	3.56797218	11.6106367
1935	7549	1	9.83390999	2.1029377	18.7060261
5694	9079	2	9.83143806	0.155686378	20.9636497
2502	3975	2	9.8304348	1.18289566	13.545742
549	1073	1	9.82796574	0.441836357	15.8033657
1603	2995	1	9.81929302	1.62519836	10.3205643
545	3581	2	9.81782532	1.50441551	19.9960976
5024	7546	1	9.81682301	1.46951485	12.5781918
2505	7531	2	9.81682205	3.22517824	12.5781898
1246	5690	2	9.79700756	0.370030403	3.87021255
3488	8154	1	9.79553699	1.05097008	13.5457411
6944	8003	1	9.79553604	2.32989454	13.545742
2790	9609	2	9.7940712	1.55146408	23.2212715
7119	7142	2	9.78292465	1.56407261	19.9960976
1868	5290	1	9.78192139	3.0472064	12.5781889
309	2456	2	9.78191853	3.99099874	12.5781879
5468	8843	1	9.78092003	3.51079226	5.16028261
9364	9648	1	9.76730251	4.11945581	4.19272852
2906	6053	1	9.76063633	2.54524374	13.545742
1529	3484	1	9.75816441	0.428216934	15.8033648
1396	5432	2	9.75816345	1.58883476	15.8033628
6901	8277	2	9.75716019	2.21925068	8.3854599
1441	9240	2	9.75715828	1.19451332	8.3854599
5680	8760	1	9.75615978	2.44968128	0.967552185
3491	6978	1	9.74702072	2.10193443	12.5781898
3865	6680	2	9.74354553	0.560619354	7.41790533
3597	5456	2	9.74107552	0.881666183	9.67552948
1093	8604	1	9.73587799	0.322516441	9.35301113
3799	6509	1	9.73440933	3.18533134	19.0285435
2109	2766	2	9.73340607	1.35987091	11.6106358
4768	9497	2	9.73240376	3.27268934	4.192729
4357	4512	1	9.73240376	0.0586576462	4.192729
4861	9575	2	9.72473335	1.39871025	6.12783575
3719	9214	1	9.7232666	2.50787067	15.8033657
3066	5698	1	9.72326183	2.89251852	15.8033638
8365	8968	2	9.72226334	2.07617569	8.38546085
5252	8047	1	9.71212387	0.826486588	12.5781889
2452	9035	2	9.70864201	2.47443628	7.41790438
4108	5702	2	9.70097828	3.71352291	9.35301304
6250	7071	2	9.69950676	1.67471981	19.0285397
513	1595	2	9.69850636	0.0237531662	11.6106358
5491	9209	1	9.68836784	0.633891106	15.8033667
3361	8770	1	9.68736267	0.894277573	8.3854599
2102	9170	1	9.68736076	1.02620888	8.3854599
7669	8088	1	9.67574692	1.71061659	22.2537155
675	6614	1	9.67374802	2.38855171	7.41790771
334	9464	2	9.67127323	1.31135559	9.67553043
1558	9530	2	9.66260624	0.514575958	4.192729
637	1008	2	9.65346432	0.263860703	15.8033657
421	730	1	9.64898872	2.3390336	3.22517586
314	5622	2	9.63985062	2.23286676	14.8358135
3564	5433	2	9.6388483	1.69600296	7.41790676
560	3821	2	9.6388464	0.453448296	7.41790676
5591	8785	1	9.63884544	0.356412888	7.41790676
2990	6774	2	9.63737774	1.26383781	17.0934391
662	902	1	9.63737679	1.25269699	17.0934353
2436	2493	1	9.62870598	0.897755623	11.6106377
4219	9236	2	9.62870502	2.58014059	11.6106358
4949	6193	2	9.62870407	0.21534729	11.6106377
216	4687	2	9.62623215	2.38755178	13.8682613
179	6450	2	9.6252327	3.39347982	6.45035553
1288	8564	1	9.6252327	1.41852379	6.45035219
1375	7353	1	9.62523079	0.668791771	6.4503541
7718	8681	1	9.60494995	1.86430407	14.8358116
1480	2574	1	9.60247898	3.56030941	17.0934372
1916	3338	2	9.60147476	1.96900368	9.67553139
568	1343	1	9.59133816	1.09948349	13.8682604
1674	3759	1	9.5913353	1.80317688	13.8682594
1848	5556	1	9.59033012	2.84299946	6.45035267
1483	3675	1	9.57005215	0.287619591	14.8358164
1518	2283	1	9.56904888	2.24648571	7.41790628
5630	9007	2	9.56757736	3.04820633	17.0934372
3658	5739	1	9.56657219	2.54423618	9.67552948
5476	8011	1	9.56657124	2.20910168	9.67552948
7507	8672	2	9.5554285	2.7934823	6.45035172
3811	4056	1	9.55395985	1.79055834	16.1258812
4725	5785	2	9.55295753	0.29875946	8.70797634
3232	6066	2	9.54529095	2.62865686	10.6430836
3556	6751	1	9.5438242	1.36087608	20.3186131
5396	8661	1	9.54181671	2.65041113	5.48279762
6898	8502	2	9.5326767	0.809392929	17.0934353
1472	4444	1	9.53167439	1.75713253	9.67552948
4452	6616	2	9.53167152	0.885601044	9.67553043
2937	5400	2	9.52153492	1.91134882	13.8682604
2417	5280	2	9.52052975	1.62520313	6.4503541
4171	5356	1	9.519063	1.54031849	16.1258831
648	7110	2	9.51806164	0.0722742081	8.70797729
466	7989	2	9.51805878	3.57144976	8.70797634
4626	6780	2	9.51038933	0.324991226	10.6430826
8932	9386	1	9.50792027	1.45590115	12.9007072
3746	5140	2	9.50791836	0.860383034	12.9007044
2663	8882	1	9.5079174	2.07717514	12.9007063
6129	6941	1	9.50791645	2.84400082	12.9007072
1806	6489	1	9.50691605	2.53062296	5.48279905
1085	7883	1	9.50544643	4.07194185	15.1583309
1789	7888	2	9.4943037	0.930181503	11.9331532
1996	3816	2	9.49430275	0.392318726	11.9331541
3919	8373	1	9.4943018	0.859375954	11.9331532
592	3831	1	9.48563194	1.62520123	6.45035267
2429	4837	2	9.48516464	1.36087322	23.5437927
3020	7922	1	9.48416138	2.1519165	16.1258793
2729	4648	2	9.48315907	0.655176163	8.70797729
1061	4237	2	9.48315811	0.108172417	8.70797634
3458	9488	2	9.47054577	2.72321415	15.158329
7156	8443	2	9.46187782	0.896751404	9.67553234
5868	8599	2	9.44926262	0.266332626	16.1258774
7225	9166	1	9.44926071	1.29107475	16.1258831
500	8168	2	9.44725513	2.53062296	1.29006958
5418	6892	2	9.43812084	2.0437479	12.9007082
4010	6440	1	9.43564796	0.71483326	15.158329
7862	9658	1	9.4346447	0.846765518	7.74042463
3339	5590	2	9.4269762	0.765823364	9.67552948
2330	5334	1	9.42450047	0.429684639	11.9331532
3074	7578	2	9.42350006	0.453445435	4.51524639
7064	7900	1	9.4220314	2.90018749	14.1907768
2294	6205	2	9.41335869	1.66110325	8.70797729
1215	9122	1	9.41335869	3.43951702	8.70797539
7233	9267	1	9.41335773	2.05489254	8.70797634
431	3585	1	9.41188908	3.3085928	18.3835068
3651	6192	1	9.41088676	1.06211472	10.9656
1625	8559	2	9.40841293	2.72220993	13.2232237
2548	3668	2	9.40074539	0.621279716	15.1583281
7113	9467	2	9.3972683	0.656175613	9.99804497
6278	7030	1	9.38713074	0.0111379623	14.1907768
4065	6191	2	9.38712692	1.81431437	14.1907768
721	7834	1	9.38613033	2.05589676	6.77287054
890	1779	1	9.37745857	0.454915047	1.29006958
1955	8409	1	9.37598991	0.524248123	10.9655991
2804	5305	1	9.37598801	0.0576553345	10.9655991
5563	6430	2	9.36237144	2.49672604	9.99804688
7059	8652	1	9.35470486	1.97247839	11.9331551
1898	7575	1	9.34109306	2.69845676	10.9656029
5795	7676	1	9.34108925	0.419548988	10.9656029
4670	6376	1	9.34108925	1.00245285	10.9656019
4770	8622	1	9.33861351	1.70861912	13.2232237
7075	7151	2	9.3299427	0.0126075745	7.74042368
4656	7768	1	9.32847023	1.71828651	17.4159527
3731	9353	1	9.32747269	1.62272501	9.99804783
4167	6458	2	9.32647038	1.55192852	2.58014202
3514	5957	2	9.32499504	3.05733967	12.2556686
4602	4826	2	9.31733131	1.90020514	14.1907787
939	3071	1	9.31633186	0.501962662	6.77286959
3611	9542	1	9.316329	0.931651115	6.77287102
379	2863	1	9.31632805	1.74351835	6.77287245
7896	9124	2	9.31486034	1.84774303	16.4483986
2575	4894	2	9.30718994	1.84054756	18.3835068
1514	8789	2	9.30618858	2.29252338	10.9656029
4481	6677	1	9.30471992	1.05197525	20.6411362
3112	8644	2	9.30371571	0.859377861	13.2232246
5835	5927	2	9.30271339	0.512102127	5.80531836
395	1885	1	9.29110146	3.81055403	19.6735764
2207	3242	1	9.27995872	1.81678915	16.4484005
1349	3963	2	9.27895546	2.8046236	9.03049564
6431	8235	2	9.26881599	1.36234379	13.2232256
340	5928	1	9.26781273	1.08733845	5.80531693
1245	3579	1	9.25520134	0.753210068	12.2556734
2773	5254	2	9.24653053	1.5878315	6.77287149
488	5329	2	9.2450552	0.956406593	16.4484005
1710	6449	2	9.23291588	1.08834267	5.80531883
3990	6058	2	9.23291206	1.00392246	5.80531836
2520	5509	1	9.23044205	2.03980827	8.06294155
124	2974	1	9.22277355	2.15292597	9.99804878
3305	7979	2	9.2227726	1.70961809	9.99804688
2187	7419	2	9.22030067	0.239105225	12.2556734
2259	4141	1	9.22029686	0.50049305	12.2556715
2855	4525	1	9.20915604	1.23041058	9.03049564
7442	8504	1	9.20915413	0.657646179	9.03049564
1801	6411	2	9.19801521	0.0126123428	5.80531883
271	8814	2	9.18640327	1.69453478	19.6735802
2919	8710	2	9.17178535	0.454451561	11.2881193
3474	9371	1	9.17178249	2.57766628	11.2881174
537	5762	2	9.16411877	0.166832924	13.2232265
5307	6413	2	9.16311646	0.705162048	5.80531788
8061	9683	1	9.13788795	1.05096912	18.7060242
1327	4595	2	9.11560345	3.22417498	12.2556734
4763	8620	2	9.09084415	0.75220871	8.0629425
3237	3880	1	9.08836842	2.81823969	10.3205662
4558	6952	2	9.08070183	0.634895325	12.2556715
2628	4664	2	9.0782299	3.51279879	14.5132961
4571	7781	2	9.07722855	2.78334618	7.09538937
7552	9570	2	9.07475185	3.33235121	9.35301208
3297	3562	1	9.06708813	1.24155378	11.2881184
5903	9644	1	9.06708717	1.93410301	11.2881184
2907	7066	1	9.06461525	1.07472515	13.545743
5541	7748	1	9.05447197	1.94624519	17.7384701
4423	7234	1	9.04333019	1.68238878	14.5132952
68	9402	1	9.04232788	1.57668686	7.09538937
4092	5087	1	9.0185709	1.95986748	10.3205652
5546	7951	1	9.01609802	2.12468958	12.5781898
6910	8930	2	9.00742817	0.584374428	7.09538937
6722	8286	2	9.00495243	3.95262051	9.35301018
3061	7714	1	8.99481678	1.09948444	13.545742
1235	6906	1	8.99381161	2.59175205	6.12783527
3650	5022	2	8.99133873	0.872994423	8.38545704
7105	8584	2	8.98367214	1.75713634	10.3205652
1808	7480	1	8.98219776	0.204199791	19.9960938
1491	7356	1	8.98120022	0.440833092	12.5781898
525	8326	1	8.98119926	3.45066547	12.5781908
5890	6861	2	8.98119545	1.40985298	12.5781898
563	9178	2	8.97872925	2.44573593	14.8358135
2485	4711	1	8.97353077	0.658652306	14.513298
5620	8573	1	8.97105694	1.89873838	16.7709198
2208	7915	1	8.97005272	1.27893066	9.35301113
214	5550	2	8.96758175	1.28906727	11.6106339
7326	8319	1	8.95891285	1.76827765	6.12783527
2304	4130	2	8.9589119	1.60144472	6.12783623
2494	3263	1	8.95744324	0.190589905	15.8033676
1080	3727	2	8.95743942	1.75666618	15.8033657
4112	7695	1	8.95643902	1.26531219	8.38546085
6063	7821	2	8.95643806	1.45837021	8.38545895
2758	4693	2	8.94629955	2.13930798	12.5781889
2458	2756	2	8.9462986	0.0834169388	12.5781908
6007	6415	1	8.94382381	0.680936813	14.8358097
338	9183	2	8.93515396	0.526719093	9.35301208
3755	5156	1	8.93368816	1.4569025	19.0285435
5408	6096	1	8.9200716	0.39331913	18.0609894
217	2816	2	8.91906929	2.60390234	10.6430826
4855	6717	2	8.91906548	1.81431866	10.6430807
3385	4273	1	8.91240311	0.573767662	19.9960976
1295	6922	2	8.91039562	0.260386467	5.16028261
3070	5119	1	8.90792465	2.01751709	7.41790533
6471	8904	2	8.9002552	2.42345285	9.35301399
671	8764	1	8.88764381	2.37593889	15.8033676
5849	7464	1	8.88764381	0.369564056	15.8033657
4564	4935	2	8.88617134	0.452975273	25.4788933
1078	3682	2	8.88563824	2.0538888	0.967553139
2599	8407	1	8.87649918	0.324990273	12.5781879
4734	8768	2	8.87649918	0.980166435	12.5781898
3094	8996	2	8.86388493	0.396792412	19.0285378
5134	9212	2	8.86288452	0.739592552	11.6106367
2220	8943	2	8.86288261	0.429690361	11.6106358
5789	5893	2	8.86187935	1.22941017	4.19272852
3002	8664	2	8.85940742	0.440831184	6.4503541
1251	2351	1	8.85027122	1.2076602	18.0609913
5348	6535	1	8.84926701	0.824478149	10.6430817
1632	6418	2	8.84059525	0.190587997	5.16028214
3850	7747	2	8.83912754	1.50541544	14.8358126
1380	5419	1	8.83912659	0.871522903	14.8358116
2240	6965	1	8.83812428	0.394789696	7.41790724
1297	4295	2	8.83812428	1.3264389	7.41790676
7200	9008	1	8.83565235	0.620275497	9.67552662
189	4508	2	8.82798386	0.168300629	11.6106348
5224	7421	1	8.82551098	1.26631498	13.8682594
3621	8193	1	8.81436634	0.332658768	10.6430836
3891	8044	2	8.80422974	3.04573631	14.8358135
79	1556	2	8.80322552	1.24402761	7.41790676
6035	6631	2	8.80322456	1.64895821	7.41790676
1531	2743	2	8.80075169	0.919034004	9.67552853
2645	7963	1	8.79060936	0.967552185	13.8682575
6236	6789	1	8.78294086	0.0596570969	15.8033657
1919	4878	2	8.77946758	1.34872675	10.6430836
3224	4283	2	8.77946663	1.67224503	10.6430836
77	6238	1	8.76685429	1.69453335	17.0934372
4848	8295	2	8.76585293	1.48065853	9.67553139
4807	6298	2	8.76585197	0.200722694	9.67552757
3037	5776	2	8.76438141	1.87150478	19.351059
4897	9284	1	8.75571251	0.0960292816	13.8682613
6459	7812	2	8.7557106	0.0359048843	13.8682613
198	6933	1	8.75470924	2.26776886	6.45035219
2970	7081	2	8.75424004	0.537858009	23.5437851
58	3324	2	8.75324059	0.760876656	16.125885
2540	4217	2	8.74603844	1.67418575	0.967553139
398	6648	1	8.74209499	1.95986652	12.9007053
1738	4183	2	8.74209499	1.88558531	12.9007082
5791	7810	1	8.73442745	0.334663391	14.8358116
4414	6220	2	8.73095322	0.703690529	9.67552948
4950	8886	1	8.73095226	1.40738058	9.67553043
5310	7847	1	8.72081184	2.58014107	13.8682594
1482	7699	2	8.72081089	0.682409286	13.8682585
1950	7826	2	8.71833897	1.49180317	16.1258831
225	6549	1	8.7173357	1.07372141	8.70797539
7756	9373	1	8.70719624	1.5291748	12.9007072
2511	9642	1	8.70719528	1.59030104	12.9007053
2730	7148	2	8.69358349	2.91527367	11.9331541
2821	6927	1	8.68591309	0.333658218	13.8682585
2115	4487	1	8.68343925	0.572764397	16.125885
3267	3911	2	8.67229748	2.55638361	12.9007072
2518	3994	1	8.66982651	2.12569189	15.1583309
6784	8131	1	8.66982079	0.87152195	15.15833
4365	6074	1	8.66115284	2.2105794	9.67553139
2043	5935	2	8.65868092	1.76580143	11.9331541
3497	6125	2	8.65867805	2.32989454	11.9331551
1027	6496	1	8.65867805	1.60144234	11.9331532
164	6598	1	8.6586771	2.19796276	11.9331551
1117	5812	2	8.64853954	1.85169125	16.125885
5078	9395	1	8.64653587	1.49327278	1.29007053
1091	7425	1	8.63739586	1.14799976	12.9007082
1964	7095	2	8.6363945	0.0611305237	5.48279858
3072	4555	2	8.6324482	0.131925583	17.4159546
942	3451	2	8.62625313	0.775965691	9.67553043
6712	7557	1	8.62625217	0.872992992	9.67553043
2847	8379	2	8.6237812	0.691078186	11.9331551
1631	4189	1	8.6237793	0.0485134125	11.9331541
1056	4356	2	8.62131023	0.199255943	14.1907797
8489	9376	2	8.6151123	0.668791771	6.45035458
274	5670	2	8.61116695	0.178977966	18.3835068
4849	7875	2	8.59235859	1.90021038	17.0934391
4582	6447	2	8.58888245	1.85269403	11.9331551
5866	8497	1	8.58640862	2.86776352	14.1907759
1943	6491	1	8.57526684	1.65762663	10.965601
6524	8819	1	8.57526493	0.0111427307	10.965601
2003	2650	2	8.56412315	0.285148621	7.74042559
4434	6287	2	8.56165028	1.74104595	9.99804688
2145	9106	1	8.55917645	0.559147835	12.2556705
392	8684	1	8.55297947	2.05489063	4.51524639
48	1307	2	8.55151176	1.08586979	14.1907787
101	6613	1	8.55150986	0.931649208	14.1907768
2605	4012	2	8.539361	2.52195549	3.54769325
122	4200	2	8.53689003	1.19203854	5.80531693
3548	7337	1	8.5302248	1.95986605	15.1583328
5225	8238	1	8.5267477	2.13683414	9.99804688
2072	8754	1	8.52427578	2.04227591	12.2556705
7169	7178	2	8.51560593	2.41230774	6.77287054
4402	8053	2	8.50546646	0.107170105	10.9656019
867	9685	1	8.50546646	1.83807468	10.965601
1447	9261	2	8.495327	1.02968645	15.1583319
4334	7016	2	8.48171043	1.32744217	14.1907778
7957	8985	2	8.47923851	0.0596618652	16.4483986
5507	9428	1	8.4792366	0.0349025726	16.4483986
4093	7152	2	8.4792366	1.65962934	16.4484024
8210	8616	2	8.46809673	1.56507158	13.2232246
1479	3966	2	8.46809483	1.22027397	13.2232246
2823	9318	2	8.46809483	0.383174896	13.2232237
2467	6500	1	8.46709347	1.56554604	5.80531979
3175	3461	2	8.46709061	1.59797096	5.8053174
6457	8938	2	8.4569521	0.501965523	9.99804878
2566	7554	1	8.45547771	0.442842484	19.6735821
2235	7198	1	8.44433784	1.84922123	16.4484024
813	3974	2	8.44333553	0.166831017	9.03049564
876	1847	1	8.44333267	0.642561436	9.03049374
2981	5722	1	8.43319702	0.607662201	13.2232246
2726	3192	2	8.4321928	0.559150696	5.80531836
4410	7392	2	8.43219185	0.834620476	5.80531645
3477	3537	2	8.42205048	2.49572277	9.99804783
2848	3226	2	8.42104626	0.383646965	2.58014297
1495	1647	2	8.42057896	0.754209995	19.6735744
2076	3270	2	8.40843391	0.692547798	9.03049469
7730	8348	1	8.40843296	0.215348244	9.03049564
2640	3281	2	8.38715267	0.477201462	9.99804878
1112	5829	1	8.38568115	1.44676113	19.6735764
6914	9647	2	8.38467979	0.489346504	12.2556725
3720	6080	2	8.38467693	1.93410492	12.2556725
4901	5112	2	8.3735342	1.52816725	9.03049374
408	5934	1	8.37106133	1.7309041	11.2881184
7884	8372	2	8.35844994	2.25762463	17.7384701
3972	6902	1	8.34977913	1.67124414	12.2556705
6261	6381	2	8.34877586	0.286617279	4.83776426
6579	6816	1	8.33963966	1.34873199	16.4484024
2481	6216	2	8.32602024	0.130461693	15.4808455
215	7196	2	8.32501984	1.68485928	8.0629425
971	6197	2	8.32355213	2.34104061	17.7384701
1340	2775	1	8.30126286	0.549005985	11.2881174
3363	6417	1	8.3012619	0.262860298	11.2881184
1280	9119	1	8.30025864	1.07472515	3.87021255
7527	8542	2	8.28764343	2.04227257	10.3205662
6882	8253	1	8.27750683	0.596520424	14.5132923
3125	6033	2	8.26535988	0.63288784	3.87021112
4777	8105	2	8.25374889	0.0111398697	17.7384701
2454	5629	2	8.25274658	1.58783007	10.3205652
716	9677	2	8.24260712	0.621281624	14.5132961
3086	5275	1	8.24260521	1.07572937	14.5132942
8164	9101	1	8.22798634	0.13092804	6.12783575
236	2744	1	8.21784782	1.14452267	10.3205662
1055	4032	2	8.20770836	0.848235607	14.5132952
780	5104	1	8.20770645	2.0432806	14.5132961
2071	8799	2	8.19409275	0.00100421906	13.5457439
339	5010	1	8.18394756	0.369559765	17.738472
4580	9072	2	8.1693325	0.00100326538	9.35301208
193	4753	2	8.14557648	1.79303789	12.5781908
7878	8487	1	8.13443184	1.7784152	9.35301208
4644	5604	2	8.13443184	1.80317259	9.35301208
751	7449	1	8.11934662	1.11062574	18.0609894
810	9509	2	8.10720062	0.763350964	7.41790581
5398	6038	1	8.10719967	0.488342762	7.41790581
4979	7780	2	8.10053349	1.4816618	16.770916
1521	4089	1	8.09806061	1.37448788	19.0285416
5841	7711	1	8.0869236	0.204203606	15.8033686
1199	2361	1	8.08591652	1.34772396	8.3854599
826	3397	2	8.072299	1.71875477	7.41790485
3119	3391	2	8.0621624	0.311376095	11.6106358
1389	2738	2	8.06115818	1.00145149	4.192729
2818	4300	2	8.05101681	0.0586576462	8.38545895
1339	8540	1	8.03740025	0.297757149	7.41790581
5183	6821	1	8.02725983	0.644034386	11.6106367
3560	7789	1	8.02625847	0.313847542	4.19272852
657	5021	2	8.01611996	0.130928993	8.38545799
3814	3833	1	8.01364422	0.0237588882	10.6430836
4292	4333	2	7.99089098	0.634895802	21.2861652
8331	9050	2	7.97727728	0.394322872	20.318615
7850	9077	2	7.97727251	0.323520184	20.3186111
7387	7450	2	7.96960354	0.954937935	22.2537155
8102	9426	1	7.96512794	2.55537891	9.67553043
6387	8289	2	7.95746088	0.849238873	11.6106358
4176	4205	2	7.95645809	0.524713993	4.19273043
465	4809	2	7.9549861	0.595048904	13.8682585
5384	8282	2	7.95351982	0.511634827	23.5437927
6371	7297	1	7.94137478	1.38710546	12.9007072
2904	8098	1	7.94037056	0.703691483	5.48279858
3455	7490	2	7.92256069	0.742067337	11.6106367
5385	8984	1	7.90794277	0.119781494	3.22517586
249	4382	1	7.88171482	0.644033432	8.70797634
691	949	2	7.85795832	0.679934502	11.9331551
5659	8350	2	7.84681511	1.53931427	8.70797729
3105	8827	2	7.83419991	0.0460395813	15.1583309
2674	8592	2	7.82452679	0.717309952	2.25762367
3700	7571	1	7.81291914	0.74206686	16.125885
2096	7135	2	7.81191444	1.26631355	8.70797825
1618	3691	2	7.80943966	0.215341091	10.965601
192	4506	1	7.78815889	0.561617851	11.9331512
1342	3916	2	7.78815746	0.131931305	11.9331551
672	6850	1	7.78568363	1.24155521	14.1907806
2300	4898	2	7.77701664	0.754683495	8.70797729
2081	3744	2	7.77454138	0.561617851	10.9655991
5699	5875	1	7.7735405	0.788577557	3.5476923
1333	2227	2	7.76340151	0.0722737312	7.74042273
3476	5157	1	7.75079012	0.486873627	14.1907768
6905	8143	2	7.75078773	0.358421326	14.1907768
6741	9078	2	7.74978209	0.273999691	6.77287102
4978	7992	2	7.73863888	0.286614895	3.54769325
2105	7967	2	7.72949982	0.726981163	15.158329
2865	7134	1	7.72703075	0.143074989	17.4159527
930	8414	1	7.72602749	0.201730728	9.99804688
9139	9379	2	7.69212961	0.659656525	17.4159546
5361	5713	2	7.67751026	0.0212855339	9.03049469
3931	6084	2	7.6426115	0.26185751	9.03049469
444	6878	2	7.6426115	0.907895565	9.03049469
6368	8017	1	7.64260674	0.86951828	9.03049469
4551	6357	2	7.61118555	0.835622311	14.1907749
4936	7009	1	7.60771179	0.727448463	9.03049469
3320	9059	1	7.606709	1.28906775	1.61258888
3069	5084	2	7.5975728	0.32351923	13.2232246
5264	7777	1	7.59409618	0.130926132	8.0629406
3956	8401	1	7.58495951	0.813867092	19.6735744
4914	7378	1	7.559196	0.391311169	8.06293964
4736	9632	1	7.53791237	0.488345623	9.0304966
4765	8483	2	7.53791142	0.395791054	9.03049469
536	6260	2	7.52429676	0.381173134	8.0629425
6954	7199	2	7.48692608	0.057182312	10.3205643
2409	7067	1	7.48692513	1.63634586	10.3205643
1158	5436	2	7.48692417	0.942791939	10.3205643
1910	8408	2	7.44188404	0.143074989	14.5132961
2761	3519	1	7.41465521	0.95146513	12.5781879
640	2225	2	7.41465282	0.273999214	12.5781898
5577	7250	1	7.39336967	0.297759533	13.545742
5023	7736	2	7.39336681	0.368556976	13.545742
7646	9343	2	7.37975311	0.70616293	12.5781879
823	2710	2	7.35846615	0.0732731819	13.5457401
2589	2953	2	7.34732628	0.204200745	10.3205671
2819	7655	1	7.34485149	0.0945534706	12.5781841
2271	8526	2	7.33618355	0.442303181	7.09538937
7831	9013	1	7.33270693	0.737587452	1.9351058
8063	9034	1	7.3235693	0.0697960854	13.545743
3544	9594	2	7.26491022	0.502960205	16.7709179
584	8580	2	7.25029278	0.393317223	8.3854599
2883	7901	2	7.22653866	0.0485162735	11.6106358
1231	4899	1	7.22553825	0.485871315	4.19272995
337	3004	1	7.19063425	0.236628056	4.19272947
2735	3352	2	7.16788149	0.790584564	14.8358126
4735	9589	2	7.15526962	0.263864517	21.2861691
2305	3203	2	7.12950516	0.631415367	9.67552853
951	1548	2	7.10474634	0.64303112	5.48279953
1667	5912	2	7.09708023	0.298759937	7.41790676
5873	9186	2	7.05823565	0.77449131	19.351059
2413	3730	1	7.04609299	0.381174564	8.70797729
766	4174	2	7.03842306	0.16930294	10.6430836
3424	4931	1	7.02233696	0.95494318	11.9331541
3221	9605	1	6.95006561	0.607664585	14.1907787
8191	9638	2	6.93891954	0.76335001	10.9656
2299	8403	1	6.92777729	0.383645058	7.74042416
2853	3386	2	6.91663313	0.203197479	4.51524782
4229	9546	2	6.85650826	0.347278595	17.4159546
1821	9340	2	6.7347188	0.513104916	11.2881203
5158	8082	1	6.70082283	0.739592552	18.7060242
4475	5925	2	6.67605877	0.0571846962	14.5132942
7851	9225	2	6.66491985	0.417076588	11.2881203
3411	4590	1	6.60526085	0.107171535	7.09539032
773	8010	2	6.60031128	0.63141346	11.6106358
7193	8869	1	6.55674267	0.346272469	6.12783575
503	5097	1	6.40105534	0.308900356	7.41790676
1575	9188	2	6.39958811	0.369562149	17.0934391
5338	7918	1	6.28273916	0.227962017	6.45035362
2088	5933	1	6.25898218	0.297754288	9.67553043
8905	8994	1	6.12458515	0.108175755	9.99804688
6127	7999	1	6.07853889	0.250248432	6.77286959
3793	9307	1	5.8181529	0.0621337891	8.0629406
3207	7438	1	5.69489384	0.237634182	11.6106348
2446	5544	2	5.39613056	0.285142899	7.74042177
4113	5377	2	5.34761524	0.0697994232	6.77287102
